.gitattributes	32	23302dd90b8bb74b44d365fafef8df20f809b61cb347023951ecf60a88a29651
.github/workflows/ci.yml	1242	071d364fe0eedf95237226e682bef82c452699e8f13f702c294a9dbed65589a3
.github/workflows/nightly-replay.yml	1137	a97bc52e6c1566d03a748d59d3164c46fb53c6124b1f1629b5a1d821ad4201e4
.gitignore	446	974bfc6a09acad6c8acd8ee8cef739f79c99b318ef369b31c89078abc42e73c4
AGENTS.md	1992	037c6ed1fd537b7a4033422e0b44e2cd30b801a1efc6a15ed144de85b1c838bf
Directory.Build.props	430	319236e4f599e66eafd2062c27fad024ba0fa87a770979850ea7bf17869d3de4
GOAL.md	6713	c878572369d66feebb9e130e4cba20d1e79e4f4acb91d10aeac017a329e69867
README.md	3764	2a899bccc4dadd2379ff398374c9c43d420f7a4cc2a60823dc4cd7fe60f85bf2
Rounds.sln	4742	473b6353f8b2325bfef6d661dc0db0491bddf359177d79dd5159b18b4614a835
docs/architecture.md	12595	bb3f486adca1e33320f427295a70c445b27144a6722abca62aa728ccfe389fec
docs/decisions.md	38482	7bc4a7780391f91440c01d6f78daf5e5360f63385523423bb45620bfb91a8265
docs/design-docs/postmortems.md	137875	d18560a74dde489280c68f30640c96e6941fc57264da70bf0bc6dc3ae6d7451f
docs/design/concepts/card-draft-v2.png	2229360	13829567af2a9980a4f3667ef182ef126bf6322c01cfa57d7280118f06564d3f
docs/design/concepts/gameplay-primary.png	1565386	5ca95d9311e724ca47aa87977d600e8071b1da54f05c1875ad6e2ab0a411fc00
docs/design/concepts/main-menu.png	2354476	9e32b84eb1de3d1aec42260650d7c057b6fe832c63d4ebe70af60a457220ee0a
docs/design/physics-and-maps.md	13927	a883c94bdea700548e310eea896a63566972ec1dc71346d0f37cdd5ab1dcbd23
docs/design/visual-system.md	5167	a8a3eb1df37f812d075d1076285e985d4d5f3fb59cbdeeb573b884b305c7a683
docs/progress/2026-08-14.md	4548	71b74003f5e962af059e6d0aa90ee7f9bb6a28636721c72f40b639df2bfe4972
docs/tickets/closed/001-bootstrap-deterministic-skeleton.md	6249	5d2d6ede6058b7703b4caf5ee55e82b14dae356fe1212099447ed5e3754e08e2
docs/tickets/closed/002-research-core-rules-and-measurements.md	10145	752c6d6125d33791d770094b25c27bd5d8a5f1ae8a0c8156c8b704f380b23184
docs/tickets/closed/003-catalog-vanilla-cards.md	10575	a501e7dce21ba1ee9b25dcee2b87c4895650504348f4c9d317cd449f910c1404
docs/tickets/closed/004-catalog-vanilla-maps.md	14843	f8c24b9f286a17bf9b056c83c21802f7944fa63814afc9e93be895b86ca8bec9
docs/tickets/closed/005-implement-movement-and-static-collision.md	12663	4f4cf1fbae988ff9f307ae852aabac230a9fb178ab8e1daa9d740e02307acde9
docs/tickets/closed/006-implement-base-combat-duel.md	19490	68914ad48b3fe145b949317297b9879a9f27287d5ec3c29e56cd7d854ea251ca
docs/tickets/closed/007-add-deterministic-replays-and-reel.md	37713	39484afd0ed67bb7e7e57d15dfe8eab5daf4a31abea5cbca0c9350586732013a
docs/tickets/closed/008-implement-match-loop-and-stat-cards.md	19141	9d80d00e9460b4bac994ac27962c320026eb74d47ebac9636446bce402a1ab8d
docs/tickets/closed/011-implement-radial-saw-maps.md	20114	1b6417c5f9d0e3ffc15ab14cb2be57ee22cff365a8559f862f521ecdd6ada034
docs/tickets/open/009-implement-ricochet-projectile-cards.md	26356	69e08d0bfe08d86f2d4ef019fffbf473e4f810d66125757cca6983a9a2be1888
docs/tickets/open/010-implement-remaining-bounce-cards.md	25794	528aad2190dc613b42f40d0b8d1908245935264ad0dbc8646af41fe4be8f1e69
docs/tickets/open/012-implement-volley-projectile-cards.md	8921	b286182e39c388ba1bab963a850740237a32dee46443a33beda51daeba92adf8
game/Main.cs	23010	c4f11c21548298bd59cf5edd673839e1f74874be86be9bb36919f9b98dfeaaa4
game/Main.cs.uid	20	d440136d1926fa61fd05c87bef2d031167b3a58a0f51a27202217840a6c5b35f
game/Main.tscn	161	d240570c80198db194c3d0758136da08529c8578f470b1a4b0b8170a6150ad2e
game/NativeEvidenceDriver.cs	6006	18939a0ce435faf96f812f49499b1878476577be49ec4ca10e28ae89fd532185
game/NativeEvidenceDriver.cs.uid	19	3c9345cc51b95231cb216c5945424f239ed2ed7b18d3bde5a16e09b43ad613ac
game/NativeLaunchPolicy.cs	1363	1822c34331dfb660c60918ceeee691df463623df91965d6215e633a242dd90ee
game/NativeLaunchPolicy.cs.uid	19	f4357d437b90c44a17113af6b6301dcb40157f8c7fd7545723c0c1c9dc46fd97
game/Rounds.Game.csproj	408	e32100c13c6e55c3aadcb3c0aeba5b2a090b742e452c9ed7c699db2ae3ebc8d4
game/packages.lock.json	1043	a51a8e19de69f77ccb5c087d49124a5663cc09a413d9b249212fdfd157fc1ca7
game/project.godot	688	8e592039b438e7bcd6412d61a68f8b2ba5d676b1fa877f67b4dfa9594d73ba8e
global.json	104	248c17bb46fd7ff31402c62dc1870e90005fc1d9bcbc9a31cefcc78691149d76
replays/golden/base-combat-006-seed-1.rounds-replay.json	45149	6a2c4df20e42aaae3474fb773863d4786674251151a151fd5429c6f226c9e586
replays/intentional-breaks.md	28	9c450cf67fcd24339eac12d0f1d76fc097dd0a2d57561099756cdbb54f0bb266
research/notes/cards.md	6096	4f4c3c134054cfb660b60100cd37369319d6ccd37eff6004481553912c9db829
research/notes/core-rules.md	9470	87bfbd4a0b39715f5abb4cd048718f20e2854a20e0647995ab557aa15a06949b
research/notes/maps.md	7787	134f4bcecbdb563159f59f2a3447008384a69885a8b65ec3b85f5d1854d986da
spec/camera.json	5091	2d12e8631be859e139b4a2a50141ad90c18f00a2c4a9c6283596045e88ed5fca
spec/cards.json	330364	cd5a928454195b61e8a60d2502c1df866ab3456ecd779f66377ec3cbf0230c34
spec/combat.json	8590	950772d102f6bf0235a0a347964d1a404497cc590fc9ebdff7d312a06cbaeda3
spec/controls.json	4817	3fab14424919b6b564ca0eda4783fcef9c18de0554c2e5755b9726ebc8b58926
spec/maps.json	672469	39976c83d62b00476964a74c1cd27971ebf443a78855f3b1e379cb3fc8aad4ce
spec/match.json	7355	ccaf040fdb547806a84afe3720ebf34adcae7237d2daa61d1851ee307b4e6679
spec/measurements.json	22014	49602211a65d0b6b259ee38e839b974933961b0c72f1223f12953ecd7521e0be
spec/player.json	7702	d6840264bd50dd0a1aee896f96cf38affe70306d52fefd712c68661eba4f5a19
spec/schema/cards.schema.json	7091	c0e798b48564800ee1fcc9e191d78d52d767ac79b4bfaa9d9c1d0ca3426fc3ef
spec/schema/maps.schema.json	11642	b30975d0313c909c4671f49d468d93702fec6477646dcd9c9c98b7331fd87d7f
spec/schema/measurements.schema.json	3417	ee8df2abb6590ede3ac6d58409a46fe421aa4e590c94beede0b45ebb9ce6fa45
spec/schema/mechanics.schema.json	1872	73513d828d6b7ed7294bef0f826110b58fde1613b2b1e4f1ca3c9958653f6f6e
spec/schema/source-index.schema.json	1458	dc5a2100b451977f03fbf2c8acf4f6b6b0ca028a5fe55549a0f700d141fb695c
spec/sources.json	8937	0127c496d7c59161abec9cdab2322e2b61f2ea68ff8c7ef758c2cebe40e019b4
src/Rounds.Harness/Program.cs	9010	a79b97403fa128024361a5ae25eba23f0061329ae2c916cc4fbd9fa2f861dbd3
src/Rounds.Harness/Rounds.Harness.csproj	380	86d8aada4229097bfa87b0acd04f66b534f387ba69695844469c3cc610aebed0
src/Rounds.Harness/packages.lock.json	254	0b44eb0877de9caf6471cc0ef9ddd5e00d83cb4870d3cf26d29db5ff092aaf7a
src/Rounds.Replay/ReplayCodec.cs	15500	e8005a5434c7d40f442e1567587ff435e12a0362c42f0269346907e69329a310
src/Rounds.Replay/ReplayModel.cs	3341	cb2530193eb9a851b08a0f5e3d966b1a8450272d3a93c5175ee1b526bb8c8ae5
src/Rounds.Replay/ReplaySession.cs	5773	3cf5652b8d641a5c1f6614a088d1300beb76e99ff9aca962ebc78dcc38871c71
src/Rounds.Replay/Rounds.Replay.csproj	273	49ccf48dabec7660e4257ff89138cb137f9fa745cedbecf0df071e4109ccc8a4
src/Rounds.Replay/packages.lock.json	121	dff17049cec93587e8253599f209cf95e55c83ed75d4fe3a5eebc9ae3385ee1e
src/Rounds.Sim.Tests/ArenaCatalogTests.cs	4382	e025b539307e212d044100d5a31ff0345f2600cdd7b27ee12f5d7b1223300d39
src/Rounds.Sim.Tests/CollisionTests.cs	5385	a9985546deb8a8ee74363b02700ad476db5acdcb840cb4fc1759324fa174d4c7
src/Rounds.Sim.Tests/CombatTests.cs	21896	c64cd7855921fef85494afe9159a9c98a38e79a5cdfe22c47449cac7f9066aec
src/Rounds.Sim.Tests/DeterminismBoundaryCheckerTests.cs	2132	de140d52532144f846574de437edc131e651932a1832c59654e13f523d616c53
src/Rounds.Sim.Tests/DeterminismTests.cs	2889	64afd093765009ee27f1f015dbfca7af99e786d6254ecfba4232f7cc260fb523
src/Rounds.Sim.Tests/GoldenHistoryScriptTests.cs	42535	92a8acd0d9a587bfae20a1df59ef6898e02128eca9901843161f84fb1a27525f
src/Rounds.Sim.Tests/MatchTests.cs	21316	8cd09d83af78f20a05a75e61a5368a18f790e4141af83f6f41f3e25bb288e8b4
src/Rounds.Sim.Tests/MovementTests.cs	7612	937e8c78223fbdf1d1f4857eb7b3447b0f55475398466c58ba74bb804f07b989
src/Rounds.Sim.Tests/NativeEvidenceTests.cs	2614	2936ce8d25a2e0c86c48d02b36b2b75c04f685a2bc684de49b1f7383a8589f31
src/Rounds.Sim.Tests/Pcg32Tests.cs	1749	82c2b0bb88fe3d652f8a24e8d22b0a8c7b6d10f2b020968cae10bddc47289912
src/Rounds.Sim.Tests/ProjectileCardTests.cs	9799	d9527b5636695e7870504f84ef6754c9b5f4df83124aea1e7fcd6f5da66faf2e
src/Rounds.Sim.Tests/ReplayTests.cs	22513	17c4077758df17981d45d8ec73fd71e8055d0ebab1e91d757cdae0920044a691
src/Rounds.Sim.Tests/Rounds.Sim.Tests.csproj	1422	79f936864384c637d0dbac9b0694aed8435126742e67fd798c95b929ab128e09
src/Rounds.Sim.Tests/StatCardTests.cs	16005	e04bd6df90d63b53614009b89d25c494e9fe505beba4df6afd50dc3577734251
src/Rounds.Sim.Tests/TrigTests.cs	632	99d176a042d7149053ba2b7218d8e1bc9379dd2ceecbc25436013207cb6ad964
src/Rounds.Sim.Tests/packages.lock.json	43391	07555b6ea594136a93963dbf57023fefd5787a26bf6f713dd75afb2f22a7ab12
src/Rounds.Sim/BlockPhase.cs	94	7ceafbb24ed40add65d3f0fdf6041132b0fba57c6cbc8efe4f97fb9118db805b
src/Rounds.Sim/Bullet.cs	423	29b39612914fe42086c22432e6564423ce4e3ca4d05cea4f2b7ad1c3c2882541
src/Rounds.Sim/Cards/StatCardCatalog.cs	15670	89f1bdee23d14ebb2169df5d2d21124b715df33ffeb6e707183beb6f81c6abb0
src/Rounds.Sim/Cards/StatCardDefinition.cs	1486	fa35d84c0fde37eb044e0f5fd67c999b31116ecb8f78c63f2e3bfe1a0e802432
src/Rounds.Sim/CombatController.cs	11769	0f2f014bf4364cbe362e1e863418b10f3a52c43967fe50f5b4f1d0f5d86df420
src/Rounds.Sim/CombatTuning.cs	4367	585d2b732b09090df45bb60199d53a79a2739558bcd971fb5ab854047213d7a9
src/Rounds.Sim/DuelPhase.cs	109	fd989b21c50017825a60916ec9f4a9301aa6b02237a1baf2ecf86ad6878add22
src/Rounds.Sim/Maps/ArenaBounds.cs	388	5204242db8d5ee735e1cf831590a9094ef6272562c0136c807fe21c023fad40d
src/Rounds.Sim/Maps/ArenaCatalog.cs	5226	b5c5091238629153bfc7bb6a4974b64df6b513c915cec352f5de20e0e6ca5ba2
src/Rounds.Sim/Maps/ArenaDefinition.cs	2827	69a992c2d327cad6e35dbc4a7be99d5e5cb0b0229c323f659bdb881e0b860556
src/Rounds.Sim/Maps/SpawnRegion.cs	287	12890dcec3d8e142033b59869b5f49dc74505368a7052a3c044c7402d4e75d48
src/Rounds.Sim/Match.cs	10589	017a9f1a62992e284dba173a451e41794c3c03c2006663b8efae3109b38eaf5d
src/Rounds.Sim/MatchPhase.cs	118	3877f4ed028a4122d1ac0e94103837e937e0408a3851326fed2909c31d3a7dc1
src/Rounds.Sim/Math/Pcg32.cs	1141	1ae1f72da6ab091d7188eefb7ce267c2da19ff8d9cb2f9836fc782bc09dd34a1
src/Rounds.Sim/Math/Trig.cs	1457	d8be38ed9445571ee8adac8cd38752ef2874674874a43a1c126e7ef80dfe4204
src/Rounds.Sim/Math/Vec2.cs	1166	4376778ea08c12c3ad7f561a5ab466105668511f3286df2d7197e122d1119e16
src/Rounds.Sim/Physics/Collision.cs	9274	e03475f1871d0d8e2fab72272a01fa72714e59768b6b7c78674b85b2c328bbe7
src/Rounds.Sim/Physics/KinematicController.cs	5326	170c420fd319339d321d2b847f839bf0fececbefd792df7d91bdf6f4ced8a238
src/Rounds.Sim/Physics/Obb.cs	2185	5bf28d44b0f7338ccba6e5e94b1fa681a1ae1ae67b6338211fc78883403fd5d6
src/Rounds.Sim/Physics/SweepHit.cs	314	3df7ed7437c16100d513f8c2ce6dc6bed11301a37b95275bc3a86189f278f335
src/Rounds.Sim/Player.cs	1079	5f53cbcb7006725a00fae9cc86832473943153991af3ae1e53c17d9e81333d19
src/Rounds.Sim/PlayerCombatProfile.cs	6480	07e8b0c4a18a8f7effd1a77621741ee8a6033c1d69314e4f2a955c3a5935bb17
src/Rounds.Sim/PlayerInput.cs	446	3ed7b9dcaa33026c19d5984ef291574e07108b94bcaf456cbd8e201070c913cc
src/Rounds.Sim/PlayerTuning.cs	2555	1c0cb8fa86ef2658d275c0aadf53a601143e7b494b3b516de555d7757232576f
src/Rounds.Sim/Properties/AssemblyInfo.cs	91	d5371b2afca4b71bb0e79d6e6833162377b5bd03c255b42a2f98ae4e44fbdb7b
src/Rounds.Sim/Rounds.Sim.csproj	701	5b480ec4dbd8edf9f9aa00c75b488ca6bd525964ab8d6e4d899b0d12319f8262
src/Rounds.Sim/Sim.cs	5920	8f7d6ab83621fbd4c88b59eb67daf274dc5eec74bd2366e93bf7ea650e5a2ebd
src/Rounds.Sim/StableHash64.cs	899	09ed337a574a27466e8198571c2046bcce1de271b9fbd4e42b8b2c71a5649c3e
src/Rounds.Sim/World.cs	5534	d0ab7130f82366be8b0d5441ce000e284eb9b7f333640facde97fb469a6a82cc
src/Rounds.Sim/packages.lock.json	60	22308ad23ccd417b5d96020fb92e203b85fad8c3788b3feadb2ca403d8ad596c
tools/Rounds.Checks.Tests/Rounds.Checks.Tests.csproj	984	79dd01330a42c878c9f62f5fb2e337c6f81c3d68032700b91bccfb5b86d5073d
tools/Rounds.Checks.Tests/SpecCheckerTests.cs	39940	eeb3501fd73b92a2dfcfdc848e606dfd7f5bae42e2debd174cbd52a2f2268d20
tools/Rounds.Checks.Tests/packages.lock.json	42959	b0989e0f3596fb0251af2703b9afcf5dc004028f7638c7907e6ae46a56866401
tools/Rounds.Checks/DeterminismBoundaryChecker.cs	2629	1392f96fda4b3465d52fb6c9414967a4551e96b50f622b41d685094b6d787b4e
tools/Rounds.Checks/JsonSchemaSubsetValidator.cs	13142	b8c472e5b7b97349c8dcd258664b0b293e4988cef55b6a26ef5a8059a347ee60
tools/Rounds.Checks/Program.cs	679	d9d98e9b6cb583da8f58cb4e937b6206cc2965204ac5f0e7b11908e0c5b1ee6b
tools/Rounds.Checks/Rounds.Checks.csproj	210	4637732ad958f75631256e2b80d17bf60502f4a7731870752860e819cef1bb00
tools/Rounds.Checks/SpecChecker.cs	48709	4f052e8fed0009020d368ac7406673061ccb40c23630d38ccd29600aa41a6273
tools/Rounds.Checks/packages.lock.json	60	22308ad23ccd417b5d96020fb92e203b85fad8c3788b3feadb2ca403d8ad596c
tools/bootstrap.ps1	2968	b824fafa550c732e486b0599555d111f3743418d6943fec1a704e8a718cb3053
tools/check-native-no-focus.ps1	14434	2e67504b262d7e0f298997d828336cf717382af4966fe87c14d4812f97550f04
tools/checks/check-ci-golden-event.ps1	5653	b37e69f7eb8b63cadc9a9ffeb6a5098bf930791edac4966317668bc24ded0a4e
tools/checks/check-golden-event.ps1	7477	0ff9e867d088dd3b0ff2b7a7b89f45289d915d53df64f35d9460705fe40aee1d
tools/checks/check-golden-history.ps1	11270	cc5bbe78308d9ee8ce78c0a778aea6437f3df21bcdd46dbe4bceaee26071e2db
tools/checks/check-replay-cli.ps1	4549	f2bfcd1ce9db6a3efe517989a8e1191da1a6f5b72102b15cc0daf7a2049d4ad6
tools/checks/replay-ledger.ps1	4642	7be36185fa61fc998c5f2cee54572ca381282e0f43a3874feb53b7b925f1d9ca
tools/checks/run.ps1	7409	175469dfacd867a9f527ef161a8f15d6333e134df0277d6ef0208e9e1a1d8b61
tools/maps/build-map-catalog.py	29435	3c0d311674a5eddd186a99d1ba91bbbd7dbccc00bb6d5c1e69692fb108a45f13
tools/render-replay.ps1	9448	0a89c4b59bde0be7c65d4074e2c61be02027a9a489dcddea26b757893ec16f30
