nativePts	packedRgbaSha256	rootOutRelativePng	observationContext
2000158666	c4c9547151263157cf54afe9495c7f1b1103cc3c2da8d3b29314bb0c57a09a6d	reset-start/00001.png	Ticket 68 measures the second supplied recording from native PTS 2000158666 through 2299990800, strictly below the 2300000000 cap. Orange confirms Homing; blue confirms Parasite. The bounded recording reaches `HALF ORANGE`. Neither card's gameplay rule is distinguishable from the measured projectile/bar evidence strongly enough to unlock its catalogue gate. This is source research under goal 59, not a playable delivery or a complete-match claim.
2005658644	846fc636f0ecd9db60ae81c56961ab43dfa100f054a929126bf66073d453a649	reset-start/00034.png	| Old 3–5 score and badge stacks clear | 2005658644 | 2005825310 | Filled HUD disappears; empty pips replace it while `WAITING` remains. Its external trigger is invisible. |
2005825310	4faa64111df76c6a56efba0c37ad9d775c8d9def645453280b1a04065927526b	reset-start/00035.png	| Old 3–5 score and badge stacks clear | 2005658644 | 2005825310 | Filled HUD disappears; empty pips replace it while `WAITING` remains. Its external trigger is invisible. |
2016325268	c51a7e5185d6faa90f5c80f64b1590e657ee2e438307ab1e78645034dee20368	waiting/00029.png	| Last visible `WAITING` fragment disappears | 2016325268 | 2016491934 | Fading text fragments at the former, none discernible at the latter. This is a visual disappearance threshold. |
2016491934	1d27fc113a95c05b87d9ef6f07325e8ea60a222d6e54c60c9b5e16fe132c587f	waiting/00030.png	| Last visible `WAITING` fragment disappears | 2016325268 | 2016491934 | Fading text fragments at the former, none discernible at the latter. This is a visual disappearance threshold. |
2019325256	081e3a6a52880c44eaa86dbd0e744852c5b9813fd13d23d68558480c0c244811	waiting/00046.png	| Draft paper background arrives | 2019325256 | 2019491922 | Teal background changes to gray paper; orange begins rising from below. |
2019491922	ba38230d2653313a8005866dc88d6123c53a5de4defc172e999b9642c3ac85d8	waiting/00047.png	| Draft paper background arrives | 2019325256 | 2019491922 | Teal background changes to gray paper; orange begins rising from below. |
2021325248	5755f5efae08197818d07d3d8c179c1f803a6db77d2e7dcf83123b23727e658c	waiting/00058.png	| First tiny card back enters orange reveal | 2021325248 | 2021491914 | The first card appears above orange's left hand. |
2021491914	9a829902ffe55cf08c8a3196bc65ca954cb7524f68289e3b10a54be6f0970531	waiting/00059.png	| First tiny card back enters orange reveal | 2021325248 | 2021491914 | The first card appears above orange's left hand. |
2022325244	fcadeef971e675f7bcae2ecab542191cae776f21cd599de58a80e821dc4779d8	waiting/00064.png	| First named orange card face | 2022325244 | 2022491910 | `DAZZLE` turns face-up. It brightens later; the first face does not wait until the older mid-fan anchor 2039991840. |
2022491910	3e90213718363451f3a4f5bc5db5c3a2a96ade2938aa9440c45d51b3dd416d4f	waiting/00065.png	| First named orange card face | 2022325244 | 2022491910 | `DAZZLE` turns face-up. It brightens later; the first face does not wait until the older mid-fan anchor 2039991840. |
2039991840	7f8703810079f5beef741953d896175d70ee5602fe997b37be3349308c218da0	sparse/00017.png	| First named orange card face | 2022325244 | 2022491910 | `DAZZLE` turns face-up. It brightens later; the first face does not wait until the older mid-fan anchor 2039991840. |
2045158486	237f617c493da1ca0270c57b0592ec82deb537ae725cff9b766f01d342cbc3c8	sparse/00020.png	At 2045158486, Homing reads “Bullets home towards visible targets”, “Slightly lower DMG”, “Slightly lower ATKSPD”, “+0.25s Reload time”. At 2080158346 and the newly measured confirmation face at 2114158210, Parasite reads “Bullets deal damage over 5 seconds”, “More Life steal”, “More HP”, “More DMG”, “+0.25s Reload time”. Five seconds and +0.25 seconds are printed numbers. The footage here supplies no reliable numerical damage, attack-speed, health bonus, lifesteal, reload duration, homing strength/range or stacking formula. A static full bar cannot prove more HP.
2048158474	7dc6f7881439bd391c9dad6d1417dac307757f1df94dc39524bed8bbd735f91a	orange-badge/00001.png	| Orange selection registration | 2048325140 | 2048491806 | `Ho` is absent at the former (also absent at 2048158474), then appears in the top-right HUD stack while Homing is still in the raised fan. This is the first visible registration of a real selection, not merely hover. |
2048325140	cf7884e20282ae118844d0fc03079c3721367e72efc81618a89994c71d353fd0	orange-badge/00002.png	| Orange selection registration | 2048325140 | 2048491806 | `Ho` is absent at the former (also absent at 2048158474), then appears in the top-right HUD stack while Homing is still in the raised fan. This is the first visible registration of a real selection, not merely hover. |
2048491806	8175df5a3f44717059a0621e71cec0c11e2d1690ca7fc0e2f9c29b63d3613469	orange-badge/00003.png	| Orange selection registration | 2048325140 | 2048491806 | `Ho` is absent at the former (also absent at 2048158474), then appears in the top-right HUD stack while Homing is still in the raised fan. This is the first visible registration of a real selection, not merely hover. |
2050991796	ec0906afef600a68393570774518323751a53b031e81c7fd3f6ae7c864cf4691	orange-confirm/00003.png	| Selected orange face leaves fan | 2050991796 | 2051158462 | Homing moves down then disappears, leaving four other faces. `Ho` persists through the blue handoff. |
2051158462	34f0f1dca4bcfab8b78e8f119e140e83f03358aef213d6551c117e1fd4d625c1	orange-confirm/00004.png	| Selected orange face leaves fan | 2050991796 | 2051158462 | Homing moves down then disappears, leaving four other faces. `Ho` persists through the blue handoff. |
2059325096	aecc092c62d57fd5c84a22b39f5a06fd27dacb8dd3a16705da8f810781c32eae	orange-confirm/00053.png	| Orange character disappears at handoff | 2059325096 | 2059491762 | Orange is visible at the former and absent at the latter. These are dense adjacent frames; exact hidden phase/input boundaries are not recovered. |
2059491762	1cc343221d7a55b1387c42fe71fa0f2ebe9bf9cc6f3594832183997c5533a060	orange-confirm/00054.png	| Orange character disappears at handoff | 2059325096 | 2059491762 | Orange is visible at the former and absent at the latter. These are dense adjacent frames; exact hidden phase/input boundaries are not recovered. |
2062658416	f375f62ff13a048cc950da8995ad729029302ef1f0101f011d2c31dedce1bfc1	orange-confirm/00073.png	| First visible Huge face | 2062658416 | 2062825082 | The held card back turns to `HUGE` while blue is already visible. The automatic reveal does not establish a hover input. |
2062825082	7d05d6236c0d0ee7544d0fb2e0fd667ea7cb903bcede2d8041094fc36c795b3c	orange-confirm/00074.png	| First visible Huge face | 2062658416 | 2062825082 | The held card back turns to `HUGE` while blue is already visible. The automatic reveal does not establish a hover input. |
2080158346	b39bed848ef852303eb31072c4852b0e5614648b82613029d88a82e22e39b186	sparse/00035.png	At 2045158486, Homing reads “Bullets home towards visible targets”, “Slightly lower DMG”, “Slightly lower ATKSPD”, “+0.25s Reload time”. At 2080158346 and the newly measured confirmation face at 2114158210, Parasite reads “Bullets deal damage over 5 seconds”, “More Life steal”, “More HP”, “More DMG”, “+0.25s Reload time”. Five seconds and +0.25 seconds are printed numbers. The footage here supplies no reliable numerical damage, attack-speed, health bonus, lifesteal, reload duration, homing strength/range or stacking formula. A static full bar cannot prove more HP.
2100158266	27997930942ef3ab9539add4a20a41d7ec5c3f99cae7707152499e98a1230a1f	sparse/00044.png	Source: `reference/MedalTVRounds20260903170709695.mp4`, 791,095,141 bytes, freshly SHA-verified as `1460e67037f46e128972fa216894b24c4069ac9690d79e3861af6679486d15f9`. Native frames are 1280×720, time base 1/10000000 seconds. [The identity table](fresh-match-lime-identities.tsv) records exact native PTS, SHA-256 of 3,686,400 packed RGBA bytes, retained frame location, and observations for the cited anchors. It includes renewed matches for all nine earlier waiting/draft/lime anchors, including 2100158266, 2140158106 and 2200157866. Source pixels remain ignored and never enter product assets.
2114158210	2f0084c8ca7a9607832c15aee627740730d8c93a524f24aea1c7611798584b0f	blue-confirm/00001.png	At 2045158486, Homing reads “Bullets home towards visible targets”, “Slightly lower DMG”, “Slightly lower ATKSPD”, “+0.25s Reload time”. At 2080158346 and the newly measured confirmation face at 2114158210, Parasite reads “Bullets deal damage over 5 seconds”, “More Life steal”, “More HP”, “More DMG”, “+0.25s Reload time”. Five seconds and +0.25 seconds are printed numbers. The footage here supplies no reliable numerical damage, attack-speed, health bonus, lifesteal, reload duration, homing strength/range or stacking formula. A static full bar cannot prove more HP.
2114324876	936caf856bc7f9b38611d8e9e6245d9a7193c47875c7e7b0941f23c21a2f3dad	blue-confirm/00002.png	| Blue selection registration | 2114324876 | 2114491542 | `Pa` appears below `Ho` while blue still holds Parasite. |
2114491542	18785791e9bea51debea37c321261d7cf0271f6061e9811c3fc1f64b6c32a3e4	blue-confirm/00003.png	| Blue selection registration | 2114324876 | 2114491542 | `Pa` appears below `Ho` while blue still holds Parasite. |
2116991532	8801d28c46683b0244921f6daa7ac8165fa96cf3615dd459a2453c928871e934	blue-confirm/00017.png	| Selected blue face leaves fan | 2116991532 | 2117158198 | Parasite is still held at the former and absent at the latter, leaving four other faces; both badges persist. |
2117158198	a8861ed3d6f8d392b65736e197538beee188e2791c5f4d6d502646595cecf6d1	blue-confirm/00018.png	| Selected blue face leaves fan | 2116991532 | 2117158198 | Parasite is still held at the former and absent at the latter, leaving four other faces; both badges persist. |
2127491490	02f4a15f0f13fd0bff18803cfc7376e4e3241dc24879dc56c50045e3a469ec7a	blue-confirm/00080.png	| Homing inspection overlay returns | 2127491490 | 2127658156 | A card back turns to Homing at upper right, after both selections; this is not another orange selection. |
2127658156	2d320a197e2f50da96a5e3244cf6285d968330c2e21d0ff7568fc4b77be32d4b	blue-confirm/00081.png	| Homing inspection overlay returns | 2127491490 | 2127658156 | A card back turns to Homing at upper right, after both selections; this is not another orange selection. |
2128158154	b8b546db1935114475c8fa55e230454c8e8708b3b4823b477d7c2e6e646145ea	blue-confirm/00084.png	| Arena background arrives | 2128158154 | 2128324820 | Gray draft paper changes to teal arena paper while the Homing inspection face remains. |
2128324820	c25e4b68b5ba2c27a7371ac7e5fd654d909a01118a306929abeedf669fe85a76	blue-confirm/00085.png	| Arena background arrives | 2128158154 | 2128324820 | Gray draft paper changes to teal arena paper while the Homing inspection face remains. |
2130991476	ae50c6f6e11d5bfe2b29d513984617da6bd113e5f086fbbc8d7a8e2b320d149e	blue-confirm/00101.png	| First visible lime piece in dense entry | 2130991476 | 2131158142 | The first cyan piece enters beneath the overlay. |
2131158142	5a064fa318b7f3832ea3e0f15f5d814be6a86db4dec2cd72677fdcdfbacf2278	reveal-gap/00001.png	| First visible lime piece in dense entry | 2130991476 | 2131158142 | The first cyan piece enters beneath the overlay. |
2131658140	d3fb8a26852ee3cdbd456997e9cf76df8ad6fc02d01e95a402489cd4e11abe24	reveal-gap/00004.png	| Homing overlay clears | 2131658140 | 2131824806 | Entry continues with moving arena presentation/fighter shadows. |
2131824806	676b8f18bda054ce89dffdd3165f39781b853fb2cc51476f6f16ceb0b8cbdc05	reveal-gap/00005.png	| Homing overlay clears | 2131658140 | 2131824806 | Entry continues with moving arena presentation/fighter shadows. |
2139991440	5f394ac0c525a5500f415c6687e2521a66671bba29924f53e90f7919a1caa42c	entry/00048.png	| Fully registered spawn view | 2139991440 | 2140158106 | Both fighters remain on shelf centers x235 and x1045, shelf top y441. Face patches register at (0,0) displacement between these frames; absolute visible face centers are about orange (235,425), blue (1045,422), ±3 px. The later frame re-matches the prior lime identity. No hidden body origin is recovered. |
2140158106	45791458e4a1012ddd693922b4593b8d8e8662de2fc91e4a23a2cb7c55426d83	entry/00049.png	Source: `reference/MedalTVRounds20260903170709695.mp4`, 791,095,141 bytes, freshly SHA-verified as `1460e67037f46e128972fa216894b24c4069ac9690d79e3861af6679486d15f9`. Native frames are 1280×720, time base 1/10000000 seconds. [The identity table](fresh-match-lime-identities.tsv) records exact native PTS, SHA-256 of 3,686,400 packed RGBA bytes, retained frame location, and observations for the cited anchors. It includes renewed matches for all nine earlier waiting/draft/lime anchors, including 2100158266, 2140158106 and 2200157866. Source pixels remain ignored and never enter product assets.
2140324772	7b9dd0ec2a36dd10006645b14179e3999718be980709d07139ab380dfc71df9f	entry/00050.png	| First frame after held view | 2140158106 | 2140324772 | Face patches still register at (0,0); small paint/appendage changes do not establish locomotion. The held endpoint precedes the measured departure. |
2140658104	9f3bd13bca03dd2f22758bc688cd4c732045d0cb4a84c790b0785fc03c341427	entry/00052.png	| First clearly measurable departure | 2140658104 | 2140824770 | Blue's face patch moves from approximately (−1,+1) to (−4,+4) relative to 2140158106, beyond the ±2 px held registration band. Later patches move (−15,+6) at 2141491434 and (−20,−17) at 2141991432, with visible airborne separation; deformation adds ±3 px uncertainty. The source input and exact locomotion onset remain unknown. Orange stays near its shelf; its later movement is only sparsely bound by 2146991412→2148658072. |
2140824770	eff8cd9d9f0d2e01b3e2dac16986cd27e29168c43d3acfb82ffceac3f70b84e6	entry/00053.png	| First clearly measurable departure | 2140658104 | 2140824770 | Blue's face patch moves from approximately (−1,+1) to (−4,+4) relative to 2140158106, beyond the ±2 px held registration band. Later patches move (−15,+6) at 2141491434 and (−20,−17) at 2141991432, with visible airborne separation; deformation adds ±3 px uncertainty. The source input and exact locomotion onset remain unknown. Orange stays near its shelf; its later movement is only sparsely bound by 2146991412→2148658072. |
2141491434	9e85918f401950b3f4662fc42875299d5cd97e24dbb96d27948d7e7a4c2a30bb	entry/00057.png	| First clearly measurable departure | 2140658104 | 2140824770 | Blue's face patch moves from approximately (−1,+1) to (−4,+4) relative to 2140158106, beyond the ±2 px held registration band. Later patches move (−15,+6) at 2141491434 and (−20,−17) at 2141991432, with visible airborne separation; deformation adds ±3 px uncertainty. The source input and exact locomotion onset remain unknown. Orange stays near its shelf; its later movement is only sparsely bound by 2146991412→2148658072. |
2141991432	9bc1f1ffc0f7ea85c160dc79d532d9551e74b75b6cb383daafac97d94c3bbdb8	entry/00060.png	| First clearly measurable departure | 2140658104 | 2140824770 | Blue's face patch moves from approximately (−1,+1) to (−4,+4) relative to 2140158106, beyond the ±2 px held registration band. Later patches move (−15,+6) at 2141491434 and (−20,−17) at 2141991432, with visible airborne separation; deformation adds ±3 px uncertainty. The source input and exact locomotion onset remain unknown. Orange stays near its shelf; its later movement is only sparsely bound by 2146991412→2148658072. |
2146991412	c6f2e0ecac1c4b9185ffaca6ecee6e9c2f05da920b504b274fc242c34494c33e	entry/00089.png	| First clearly measurable departure | 2140658104 | 2140824770 | Blue's face patch moves from approximately (−1,+1) to (−4,+4) relative to 2140158106, beyond the ±2 px held registration band. Later patches move (−15,+6) at 2141491434 and (−20,−17) at 2141991432, with visible airborne separation; deformation adds ±3 px uncertainty. The source input and exact locomotion onset remain unknown. Orange stays near its shelf; its later movement is only sparsely bound by 2146991412→2148658072. |
2148658072	2fc00afadeb30550090a02583e927bd38b71fbf3cee8067ede6711ac7d80923e	sparse/00065.png	| First clearly measurable departure | 2140658104 | 2140824770 | Blue's face patch moves from approximately (−1,+1) to (−4,+4) relative to 2140158106, beyond the ±2 px held registration band. Later patches move (−15,+6) at 2141491434 and (−20,−17) at 2141991432, with visible airborne separation; deformation adds ±3 px uncertainty. The source input and exact locomotion onset remain unknown. Orange stays near its shelf; its later movement is only sparsely bound by 2146991412→2148658072. |
2160824690	e278c8edfcd51d53e1a621d0a8d97d62574405df4bbd66bad1488129fa4334df	before-first-shot/00047.png	| Blue first shot, control A | No flash at 2160824690; a small muzzle glow at 2160991356; separated head at 2161158022 (876.0,239.8), 2161324688 (872.2,231.6), 2161491354 (868.2,223.3), 2161658020 (864.0,214.5). | Up-left launch while blue is near (896,298). Subsequent shooter movement cannot bend an already separated projectile. |
2160991356	664800d2be8c3006b0241b5bbb655a13bed9f7ea76dea86aa8121249f3eede88	before-first-shot/00048.png	| Blue first shot, control A | No flash at 2160824690; a small muzzle glow at 2160991356; separated head at 2161158022 (876.0,239.8), 2161324688 (872.2,231.6), 2161491354 (868.2,223.3), 2161658020 (864.0,214.5). | Up-left launch while blue is near (896,298). Subsequent shooter movement cannot bend an already separated projectile. |
2161158022	ad58e3c7463b4851d946f9a8d561ce1bc5642e2b1ebac2486a0d9fe0b076ab26	first-shots/00001.png	| Blue first shot, control A | No flash at 2160824690; a small muzzle glow at 2160991356; separated head at 2161158022 (876.0,239.8), 2161324688 (872.2,231.6), 2161491354 (868.2,223.3), 2161658020 (864.0,214.5). | Up-left launch while blue is near (896,298). Subsequent shooter movement cannot bend an already separated projectile. |
2161324688	51c5643a6c6833a49d17674ad91336a8c1f7094eae28a9bc84ec41445657d6c1	first-shots/00002.png	| Blue first shot, control A | No flash at 2160824690; a small muzzle glow at 2160991356; separated head at 2161158022 (876.0,239.8), 2161324688 (872.2,231.6), 2161491354 (868.2,223.3), 2161658020 (864.0,214.5). | Up-left launch while blue is near (896,298). Subsequent shooter movement cannot bend an already separated projectile. |
2161491354	3f197597bb6207166c176166d440dad69a75273413a4fdf99d9c0531138ada2d	first-shots/00003.png	| Blue first shot, control A | No flash at 2160824690; a small muzzle glow at 2160991356; separated head at 2161158022 (876.0,239.8), 2161324688 (872.2,231.6), 2161491354 (868.2,223.3), 2161658020 (864.0,214.5). | Up-left launch while blue is near (896,298). Subsequent shooter movement cannot bend an already separated projectile. |
2161658020	6eecb3404a6a8d7c0cebde953736c4794a659646df1fc2ca627e833066e14a14	first-shots/00004.png	| Blue first shot, control A | No flash at 2160824690; a small muzzle glow at 2160991356; separated head at 2161158022 (876.0,239.8), 2161324688 (872.2,231.6), 2161491354 (868.2,223.3), 2161658020 (864.0,214.5). | Up-left launch while blue is near (896,298). Subsequent shooter movement cannot bend an already separated projectile. |
2166158002	cd3606b23df1fc29a264241efbc5d05649bcf04bc920d487312498d4e39b8483	first-shots/00031.png	| Same blue A around apex | 2166158002 (717.7,59.5), 2166324668 (713.5,59.3), 2166491334 (709.4,59.4), 2166658000 (705.2,59.7), 2166824666 (701.1,60.0). | Continuous leftward head, changing from rising to falling in free space. This is the non-Homing control for gravity-like curvature. |
2166324668	1b36a5438e3dcc946e89537b99c49089ddd52475a37d6295a634b9210e62549d	first-shots/00032.png	| Same blue A around apex | 2166158002 (717.7,59.5), 2166324668 (713.5,59.3), 2166491334 (709.4,59.4), 2166658000 (705.2,59.7), 2166824666 (701.1,60.0). | Continuous leftward head, changing from rising to falling in free space. This is the non-Homing control for gravity-like curvature. |
2166491334	c3be8a39c774d4fa36391b8447d9ef290521d2ef69d1b32eb268422a422b469f	first-shots/00033.png	| Same blue A around apex | 2166158002 (717.7,59.5), 2166324668 (713.5,59.3), 2166491334 (709.4,59.4), 2166658000 (705.2,59.7), 2166824666 (701.1,60.0). | Continuous leftward head, changing from rising to falling in free space. This is the non-Homing control for gravity-like curvature. |
2166658000	b61f261d308a4ea51b37dd9c8b200583e9ae016b8fd07c988a46c241fcbc9f49	first-shots/00034.png	| Same blue A around apex | 2166158002 (717.7,59.5), 2166324668 (713.5,59.3), 2166491334 (709.4,59.4), 2166658000 (705.2,59.7), 2166824666 (701.1,60.0). | Continuous leftward head, changing from rising to falling in free space. This is the non-Homing control for gravity-like curvature. |
2166824666	a8a7b264f3a9acbb022d3c71e662b63c118235c74db21e608391ee5d74ea8ada	first-shots/00035.png	| Same blue A around apex | 2166158002 (717.7,59.5), 2166324668 (713.5,59.3), 2166491334 (709.4,59.4), 2166658000 (705.2,59.7), 2166824666 (701.1,60.0). | Continuous leftward head, changing from rising to falling in free space. This is the non-Homing control for gravity-like curvature. |
2170157986	1fbbfc001e4c70911ef4bb3a44118209b2fc0aefb58c09a4213df580d7d76d24	first-shots/00055.png	| Same blue A descending | 2170157986 (593.7,153.4), 2171324648 (560.7,213.4), 2171991312 (539.8,258.9), 2174824634 (449.2,523.6). | Orange is near (253,541) at 2170157986, moving up toward its shelf later. A passes to orange's right, then reaches the lower module area. No fighter hit is established for A. |
2171324648	30fc14e56c076d8eb12fa944ee66bccdba96cf9f2cc4e688a90edc9db7f0d68b	first-shots/00062.png	| Same blue A descending | 2170157986 (593.7,153.4), 2171324648 (560.7,213.4), 2171991312 (539.8,258.9), 2174824634 (449.2,523.6). | Orange is near (253,541) at 2170157986, moving up toward its shelf later. A passes to orange's right, then reaches the lower module area. No fighter hit is established for A. |
2171991312	a9f17670cbef80249136a594606b4e18e60d4feb1677e98f6d50fafb0c146164	first-shots/00066.png	| Same blue A descending | 2170157986 (593.7,153.4), 2171324648 (560.7,213.4), 2171991312 (539.8,258.9), 2174824634 (449.2,523.6). | Orange is near (253,541) at 2170157986, moving up toward its shelf later. A passes to orange's right, then reaches the lower module area. No fighter hit is established for A. |
2172157978	0c9e90b6cf83e228f5604aed64014888c7e692cb517b0c666bf971ec444b8a06	first-shots/00067.png	| Blue second visible shot | New separated head at 2172157978 near (878,168), in addition to A; second path near (689.8,96.6) at 2175157966, (368.3,226.5) at 2180157946. | Multiple simultaneous blue bullets require separate identities; do not carry A's identity into this trail. |
2174824634	b59452b848846072b227dae6c6184eab67f95eb18d87a31195e106d2875d1ac2	first-shots/00083.png	| Same blue A descending | 2170157986 (593.7,153.4), 2171324648 (560.7,213.4), 2171991312 (539.8,258.9), 2174824634 (449.2,523.6). | Orange is near (253,541) at 2170157986, moving up toward its shelf later. A passes to orange's right, then reaches the lower module area. No fighter hit is established for A. |
2175157966	6fa9b3a79acc133426244a5ab72dd2c9933accc6e0b3cc654bf62ffa150a4ef9	first-shots/00085.png	| Blue second visible shot | New separated head at 2172157978 near (878,168), in addition to A; second path near (689.8,96.6) at 2175157966, (368.3,226.5) at 2180157946. | Multiple simultaneous blue bullets require separate identities; do not carry A's identity into this trail. |
2175824630	c755b0695731bcadfda433f3c5e83ba4ee78fe4c755affc108f4471629d774dc	first-shots/00089.png	Actual consecutive frames sometimes have a 333332-PTS gap. For example 2175824630→2176157962 and 2296657480→2296990812 omit a nominal 60 Hz sample. A visual event bound is a bound between available source frames, never a recovered engine tick or proof of the original input.
2176157962	2eedc8418dcf26a66e99bc5bd181773f0d0e8d17d16adbe97238411e28eebb8d	first-shots/00090.png	Actual consecutive frames sometimes have a 333332-PTS gap. For example 2175824630→2176157962 and 2296657480→2296990812 omit a nominal 60 Hz sample. A visual event bound is a bound between available source frames, never a recovered engine tick or proof of the original input.
2180157946	4669599d2e1e37c6cd7b7c4971613c720a847c965841ab02c2cd4c7a7c167c4e	first-shots/00114.png	| Blue second visible shot | New separated head at 2172157978 near (878,168), in addition to A; second path near (689.8,96.6) at 2175157966, (368.3,226.5) at 2180157946. | Multiple simultaneous blue bullets require separate identities; do not carry A's identity into this trail. |
2199324536	7413dafc25f7ca23d0e7f950c2ab7223b8042cdd39129783943473ff4fafe410	early-contact/00008.png	| Orange white glow before approaching bullet | Absent at 2199324536; present 2199491202; bright through 2199824534, thinning to rim by 2199991200–2200324532. | Before glow, fill x219–254 at y376 is 36 px. During glare it measures 34–38 px; at 2200491198 x234–269/y404 is 36 px. No shortening beyond uncertainty. The glow starts before the approaching blue projectile reaches orange, so cannot be assigned to that hit. |
2199491202	fa33448d9fa0990c6a39b5276c67324864953f4b221517a1aaf7e015e5f3a4cb	early-contact/00009.png	| Orange white glow before approaching bullet | Absent at 2199324536; present 2199491202; bright through 2199824534, thinning to rim by 2199991200–2200324532. | Before glow, fill x219–254 at y376 is 36 px. During glare it measures 34–38 px; at 2200491198 x234–269/y404 is 36 px. No shortening beyond uncertainty. The glow starts before the approaching blue projectile reaches orange, so cannot be assigned to that hit. |
2199824534	87647fbd049038631cf34461eeea2ba1eecd0f49055c86633482d27079ce099f	early-contact/00011.png	| Orange white glow before approaching bullet | Absent at 2199324536; present 2199491202; bright through 2199824534, thinning to rim by 2199991200–2200324532. | Before glow, fill x219–254 at y376 is 36 px. During glare it measures 34–38 px; at 2200491198 x234–269/y404 is 36 px. No shortening beyond uncertainty. The glow starts before the approaching blue projectile reaches orange, so cannot be assigned to that hit. |
2199991200	f700493c17c93e76f5a401ab7293a4aea65e9c191effbbfa07a5902f6a88121d	early-contact/00012.png	| Orange white glow before approaching bullet | Absent at 2199324536; present 2199491202; bright through 2199824534, thinning to rim by 2199991200–2200324532. | Before glow, fill x219–254 at y376 is 36 px. During glare it measures 34–38 px; at 2200491198 x234–269/y404 is 36 px. No shortening beyond uncertainty. The glow starts before the approaching blue projectile reaches orange, so cannot be assigned to that hit. |
2200157866	ae61a7f854309c7b126f3fcc4950ac437ac17d9e013b1813786e1ecc9f949193	early-contact/00013.png	Source: `reference/MedalTVRounds20260903170709695.mp4`, 791,095,141 bytes, freshly SHA-verified as `1460e67037f46e128972fa216894b24c4069ac9690d79e3861af6679486d15f9`. Native frames are 1280×720, time base 1/10000000 seconds. [The identity table](fresh-match-lime-identities.tsv) records exact native PTS, SHA-256 of 3,686,400 packed RGBA bytes, retained frame location, and observations for the cited anchors. It includes renewed matches for all nine earlier waiting/draft/lime anchors, including 2100158266, 2140158106 and 2200157866. Source pixels remain ignored and never enter product assets.
2200324532	bf819231d92bff19a69cce0597ef419f201d2de8d31a0abdcee9534b38206315	early-contact/00014.png	| Orange white glow before approaching bullet | Absent at 2199324536; present 2199491202; bright through 2199824534, thinning to rim by 2199991200–2200324532. | Before glow, fill x219–254 at y376 is 36 px. During glare it measures 34–38 px; at 2200491198 x234–269/y404 is 36 px. No shortening beyond uncertainty. The glow starts before the approaching blue projectile reaches orange, so cannot be assigned to that hit. |
2200491198	e8578e62fece629bf6a2e8b9fd0f0fb3b83eef36b12136f7d3fa5a26518eafab	early-contact/00015.png	| Orange white glow before approaching bullet | Absent at 2199324536; present 2199491202; bright through 2199824534, thinning to rim by 2199991200–2200324532. | Before glow, fill x219–254 at y376 is 36 px. During glare it measures 34–38 px; at 2200491198 x234–269/y404 is 36 px. No shortening beyond uncertainty. The glow starts before the approaching blue projectile reaches orange, so cannot be assigned to that hit. |
2200824530	52def98b1a545b80e7c544acf5ecceb231acb1a13277f65aa326fa3ee0aeb4b6	early-contact/00017.png	| Blue projectile reaches orange | Head above orange at 2200824530; head/trail overlap its upper body at 2200991196; a bright ring at 2201157862–2201491194; it thins again at 2201657860–2201824526. | Orange fill is 36 px at 2200824530, 35 px at 2201157862, 35–37 px during later glare, 36 px again at 2201824526. Orange rises with red flecks near the shelf. This contact candidate does not prove damage, lifesteal, DoT or its input; ordinary block/contact effects remain possible. |
2200991196	bcc5053701b7f5ebee4b4be573911f39d4f3766347f6d059d61ac6c452c553b1	early-contact/00018.png	| Blue projectile reaches orange | Head above orange at 2200824530; head/trail overlap its upper body at 2200991196; a bright ring at 2201157862–2201491194; it thins again at 2201657860–2201824526. | Orange fill is 36 px at 2200824530, 35 px at 2201157862, 35–37 px during later glare, 36 px again at 2201824526. Orange rises with red flecks near the shelf. This contact candidate does not prove damage, lifesteal, DoT or its input; ordinary block/contact effects remain possible. |
2201157862	76fbb8a77d303ff07c7ad567ce5c25003e233b45f5fdddf7a33b004fb46dd313	early-contact/00019.png	| Blue projectile reaches orange | Head above orange at 2200824530; head/trail overlap its upper body at 2200991196; a bright ring at 2201157862–2201491194; it thins again at 2201657860–2201824526. | Orange fill is 36 px at 2200824530, 35 px at 2201157862, 35–37 px during later glare, 36 px again at 2201824526. Orange rises with red flecks near the shelf. This contact candidate does not prove damage, lifesteal, DoT or its input; ordinary block/contact effects remain possible. |
2201491194	efad23bc393bc0e6faacff0da6994dccad99368ac7058e9dc14ed6f2b850b592	early-contact/00021.png	| Blue projectile reaches orange | Head above orange at 2200824530; head/trail overlap its upper body at 2200991196; a bright ring at 2201157862–2201491194; it thins again at 2201657860–2201824526. | Orange fill is 36 px at 2200824530, 35 px at 2201157862, 35–37 px during later glare, 36 px again at 2201824526. Orange rises with red flecks near the shelf. This contact candidate does not prove damage, lifesteal, DoT or its input; ordinary block/contact effects remain possible. |
2201657860	639815dc9e282fa6b881afb5bf1553f25549e60a50f1bcf79452a4b8d0494768	early-contact/00022.png	| Blue projectile reaches orange | Head above orange at 2200824530; head/trail overlap its upper body at 2200991196; a bright ring at 2201157862–2201491194; it thins again at 2201657860–2201824526. | Orange fill is 36 px at 2200824530, 35 px at 2201157862, 35–37 px during later glare, 36 px again at 2201824526. Orange rises with red flecks near the shelf. This contact candidate does not prove damage, lifesteal, DoT or its input; ordinary block/contact effects remain possible. |
2201824526	6775553e8fd2bf96cf6a67f92259a4d71b9c2c107387efbabaa2bd2d9fd7a19b	early-contact/00023.png	| Blue projectile reaches orange | Head above orange at 2200824530; head/trail overlap its upper body at 2200991196; a bright ring at 2201157862–2201491194; it thins again at 2201657860–2201824526. | Orange fill is 36 px at 2200824530, 35 px at 2201157862, 35–37 px during later glare, 36 px again at 2201824526. Orange rises with red flecks near the shelf. This contact candidate does not prove damage, lifesteal, DoT or its input; ordinary block/contact effects remain possible. |
2212491150	93ec7dc0489cb494bdea139cf59b4eea8b494f268451d4a5609b8fad2fc1b86b	contacts/00041.png	| Blue white defensive-looking glow | Absent 2212491150; first bright glow 2212657816. Ring persists through 2213824478; it has thinned to a dashed outline by 2214824474–2215157806 and remains faint around 2216991132. | Blue fill x878–914/y196–197 is 37 px immediately before. It is partly unreadable at 2212657816–2213824478; readable runs after are 37–38 px through 2218157794. Blue owns Parasite but a full owner bar cannot demonstrate an increase, and the approaching bullet is not yet an isolated hit. |
2212657816	0d28aa458dbb02e3a408a4100931db43a57cb1566bae8c1098abb7532ea301aa	contacts/00042.png	| Blue white defensive-looking glow | Absent 2212491150; first bright glow 2212657816. Ring persists through 2213824478; it has thinned to a dashed outline by 2214824474–2215157806 and remains faint around 2216991132. | Blue fill x878–914/y196–197 is 37 px immediately before. It is partly unreadable at 2212657816–2213824478; readable runs after are 37–38 px through 2218157794. Blue owns Parasite but a full owner bar cannot demonstrate an increase, and the approaching bullet is not yet an isolated hit. |
2213824478	7345e76aaf4ec985a7b83e223525e3b64b81d9c7ce59e9e7c187ac38a8f33f2d	contacts/00049.png	| Blue white defensive-looking glow | Absent 2212491150; first bright glow 2212657816. Ring persists through 2213824478; it has thinned to a dashed outline by 2214824474–2215157806 and remains faint around 2216991132. | Blue fill x878–914/y196–197 is 37 px immediately before. It is partly unreadable at 2212657816–2213824478; readable runs after are 37–38 px through 2218157794. Blue owns Parasite but a full owner bar cannot demonstrate an increase, and the approaching bullet is not yet an isolated hit. |
2214824474	e53f660d62c7d97a43e6fcde3a5d9b874efe70e6f8029144f9418d1bd3abd125	contacts/00055.png	| Blue white defensive-looking glow | Absent 2212491150; first bright glow 2212657816. Ring persists through 2213824478; it has thinned to a dashed outline by 2214824474–2215157806 and remains faint around 2216991132. | Blue fill x878–914/y196–197 is 37 px immediately before. It is partly unreadable at 2212657816–2213824478; readable runs after are 37–38 px through 2218157794. Blue owns Parasite but a full owner bar cannot demonstrate an increase, and the approaching bullet is not yet an isolated hit. |
2215157806	96136f19e2c5d6582aaa797c494ffecc90c990964a778424580c71a4990d0665	contacts/00057.png	| Blue white defensive-looking glow | Absent 2212491150; first bright glow 2212657816. Ring persists through 2213824478; it has thinned to a dashed outline by 2214824474–2215157806 and remains faint around 2216991132. | Blue fill x878–914/y196–197 is 37 px immediately before. It is partly unreadable at 2212657816–2213824478; readable runs after are 37–38 px through 2218157794. Blue owns Parasite but a full owner bar cannot demonstrate an increase, and the approaching bullet is not yet an isolated hit. |
2215824470	42639a37e275dec8236aa6ba2173c75e4b8067a859c695ab55b6f8fd1ecc6e85	contacts/00061.png	| Orange first clearly observed shot, B | No flash at 2215824470; glint at 2215991136; separated head at 2216157802. Consecutive measured B at 2216824466 (531.3,183.9), 2216991132 (538.2,183.5), 2217157798 (547.8,182.9), 2217324464 (561.2,182.6), 2217491130 (568.1,182.6). | Rightward nearly horizontal launch, orange near (490,196), blue near (896,246) and descending. |
2215991136	40d894b103ffb6e1cf43706f81f8c4363bc9d3d686ae76f2e203d771836b7197	contacts/00062.png	| Orange first clearly observed shot, B | No flash at 2215824470; glint at 2215991136; separated head at 2216157802. Consecutive measured B at 2216824466 (531.3,183.9), 2216991132 (538.2,183.5), 2217157798 (547.8,182.9), 2217324464 (561.2,182.6), 2217491130 (568.1,182.6). | Rightward nearly horizontal launch, orange near (490,196), blue near (896,246) and descending. |
2216157802	948db4ca0efee460dcae8c58860f34af4f7336ae720cd618f7e2a0ac33bbcb09	contacts/00063.png	| Orange first clearly observed shot, B | No flash at 2215824470; glint at 2215991136; separated head at 2216157802. Consecutive measured B at 2216824466 (531.3,183.9), 2216991132 (538.2,183.5), 2217157798 (547.8,182.9), 2217324464 (561.2,182.6), 2217491130 (568.1,182.6). | Rightward nearly horizontal launch, orange near (490,196), blue near (896,246) and descending. |
2216824466	93b6640183a97dd9f32678fbf31499a9c7b408ee567315fc33612f83ad95e94b	contacts/00067.png	| Orange first clearly observed shot, B | No flash at 2215824470; glint at 2215991136; separated head at 2216157802. Consecutive measured B at 2216824466 (531.3,183.9), 2216991132 (538.2,183.5), 2217157798 (547.8,182.9), 2217324464 (561.2,182.6), 2217491130 (568.1,182.6). | Rightward nearly horizontal launch, orange near (490,196), blue near (896,246) and descending. |
2216991132	2d62c0e80c697cce3366323600484f15a622e13086cbdc84ea1438e14a5bb2ab	contacts/00068.png	| Orange first clearly observed shot, B | No flash at 2215824470; glint at 2215991136; separated head at 2216157802. Consecutive measured B at 2216824466 (531.3,183.9), 2216991132 (538.2,183.5), 2217157798 (547.8,182.9), 2217324464 (561.2,182.6), 2217491130 (568.1,182.6). | Rightward nearly horizontal launch, orange near (490,196), blue near (896,246) and descending. |
2217157798	27ac49a4ee44fafcb0cb519c0c612a35bf0398455b338c5bbecda7a8b8902072	contacts/00069.png	| Orange first clearly observed shot, B | No flash at 2215824470; glint at 2215991136; separated head at 2216157802. Consecutive measured B at 2216824466 (531.3,183.9), 2216991132 (538.2,183.5), 2217157798 (547.8,182.9), 2217324464 (561.2,182.6), 2217491130 (568.1,182.6). | Rightward nearly horizontal launch, orange near (490,196), blue near (896,246) and descending. |
2217324464	23d9570ab21760152b9fc57c59477294dac6944b27dfded4aa12fcc4c18a6343	contacts/00070.png	| Orange first clearly observed shot, B | No flash at 2215824470; glint at 2215991136; separated head at 2216157802. Consecutive measured B at 2216824466 (531.3,183.9), 2216991132 (538.2,183.5), 2217157798 (547.8,182.9), 2217324464 (561.2,182.6), 2217491130 (568.1,182.6). | Rightward nearly horizontal launch, orange near (490,196), blue near (896,246) and descending. |
2217491130	76fd0a043a24ec691e7e2d1782819d8c2f9d3c9439923d774d00a015270a28e6	contacts/00071.png	| Orange first clearly observed shot, B | No flash at 2215824470; glint at 2215991136; separated head at 2216157802. Consecutive measured B at 2216824466 (531.3,183.9), 2216991132 (538.2,183.5), 2217157798 (547.8,182.9), 2217324464 (561.2,182.6), 2217491130 (568.1,182.6). | Rightward nearly horizontal launch, orange near (490,196), blue near (896,246) and descending. |
2218157794	14e756842ba2f3e57db6ed302dfb0934b4af3d5613c873b6aba24f4a2e62ed4b	contacts/00075.png	| Blue white defensive-looking glow | Absent 2212491150; first bright glow 2212657816. Ring persists through 2213824478; it has thinned to a dashed outline by 2214824474–2215157806 and remains faint around 2216991132. | Blue fill x878–914/y196–197 is 37 px immediately before. It is partly unreadable at 2212657816–2213824478; readable runs after are 37–38 px through 2218157794. Blue owns Parasite but a full owner bar cannot demonstrate an increase, and the approaching bullet is not yet an isolated hit. |
2218324460	07bf58b1ee5243c467c93191648f974c9030228833e5196d8329c71d5d196e96	contacts/00076.png	| Same orange B descending | 2218324460 (606.2,184.7), 2219324456 (654.6,192.2), 2220157786 (690.1,201.2), 2220991116 (749.2,220.2), 2221991112 (825.5,242.1), 2222991108 (888.9,260.1), 2223991104 (942.0,265.7). | Blue rises instead, near (939,169) at 2222991108. B stays below the target, misses it, and travels right. No surface or fighter contact is visible along this tracked segment. Identity ends before off-crop continuation is guessed. |
2219324456	62389156145ddd1619acf065186141f310e47635da054a5cc1b02155fbb7be3b	contacts/00082.png	| Same orange B descending | 2218324460 (606.2,184.7), 2219324456 (654.6,192.2), 2220157786 (690.1,201.2), 2220991116 (749.2,220.2), 2221991112 (825.5,242.1), 2222991108 (888.9,260.1), 2223991104 (942.0,265.7). | Blue rises instead, near (939,169) at 2222991108. B stays below the target, misses it, and travels right. No surface or fighter contact is visible along this tracked segment. Identity ends before off-crop continuation is guessed. |
2220157786	4772a2ec6d95a753434e7099e89302bd0fd368307a229b28d139837810fffece	contacts/00087.png	| Same orange B descending | 2218324460 (606.2,184.7), 2219324456 (654.6,192.2), 2220157786 (690.1,201.2), 2220991116 (749.2,220.2), 2221991112 (825.5,242.1), 2222991108 (888.9,260.1), 2223991104 (942.0,265.7). | Blue rises instead, near (939,169) at 2222991108. B stays below the target, misses it, and travels right. No surface or fighter contact is visible along this tracked segment. Identity ends before off-crop continuation is guessed. |
2220991116	504e7a0137a4f3c5841ebf1e6a859ec480eaee80ab6625baca68fdbc7af73ecb	contacts/00092.png	| Same orange B descending | 2218324460 (606.2,184.7), 2219324456 (654.6,192.2), 2220157786 (690.1,201.2), 2220991116 (749.2,220.2), 2221991112 (825.5,242.1), 2222991108 (888.9,260.1), 2223991104 (942.0,265.7). | Blue rises instead, near (939,169) at 2222991108. B stays below the target, misses it, and travels right. No surface or fighter contact is visible along this tracked segment. Identity ends before off-crop continuation is guessed. |
2221991112	1471f9fdda2e6c75a674947550296c9a278cec8bd1d348456a7c858ab6aed85d	contacts/00098.png	| Same orange B descending | 2218324460 (606.2,184.7), 2219324456 (654.6,192.2), 2220157786 (690.1,201.2), 2220991116 (749.2,220.2), 2221991112 (825.5,242.1), 2222991108 (888.9,260.1), 2223991104 (942.0,265.7). | Blue rises instead, near (939,169) at 2222991108. B stays below the target, misses it, and travels right. No surface or fighter contact is visible along this tracked segment. Identity ends before off-crop continuation is guessed. |
2222991108	16b59018cd0cc5630bdc81973405681405fb9bd3edede4b1f99c6b6d5af8c1e3	turn-contact/00006.png	| Same orange B descending | 2218324460 (606.2,184.7), 2219324456 (654.6,192.2), 2220157786 (690.1,201.2), 2220991116 (749.2,220.2), 2221991112 (825.5,242.1), 2222991108 (888.9,260.1), 2223991104 (942.0,265.7). | Blue rises instead, near (939,169) at 2222991108. B stays below the target, misses it, and travels right. No surface or fighter contact is visible along this tracked segment. Identity ends before off-crop continuation is guessed. |
2223991104	d526c3e5ad573556249cd4bb31bf8e4efcd815471d35ab9e0c26627a94b0e02d	turn-contact/00012.png	| Same orange B descending | 2218324460 (606.2,184.7), 2219324456 (654.6,192.2), 2220157786 (690.1,201.2), 2220991116 (749.2,220.2), 2221991112 (825.5,242.1), 2222991108 (888.9,260.1), 2223991104 (942.0,265.7). | Blue rises instead, near (939,169) at 2222991108. B stays below the target, misses it, and travels right. No surface or fighter contact is visible along this tracked segment. Identity ends before off-crop continuation is guessed. |
2231491074	d28236a95434f8555084b8451a47fe77d024afa10d498797573b38b6553648d4	turn-contact/00057.png	An additional orange head approaches the right pedestal at 2231491074, followed by a green flash at 2231824406. Since the path reaches a surface and blue changes appearance concurrently, that turn/flash cannot isolate target seeking. Sparse later samples contain further bullets, contacts and defensive-looking effects; they do not supply uninterrupted identities.
2231657740	338942104d6f7da0bbb26ca43825836069b9d73a37bc8d6eadb6d54ae13f3e33	turn-contact/00058.png	| Later cap/surface flash | Orange head approaching 2231657740; green flash and blue's pale face at 2231824406, green flecks still at 2232657736 and fading by 2233991064. | Contact with the cap region is visible. Fighter hit versus surface hit versus defense remains ambiguous; no damage formula is recovered. |
2231824406	0118b86e822c5774361f38174d1b1062d46e33ac6224ed69f772ce71aa7ad196	turn-contact/00059.png	An additional orange head approaches the right pedestal at 2231491074, followed by a green flash at 2231824406. Since the path reaches a surface and blue changes appearance concurrently, that turn/flash cannot isolate target seeking. Sparse later samples contain further bullets, contacts and defensive-looking effects; they do not supply uninterrupted identities.
2232657736	a990b597c0dee36ebaf2ffe81b71fc50fb55565cefb5e662933ddfb1c696695d	turn-contact/00063.png	| Later cap/surface flash | Orange head approaching 2231657740; green flash and blue's pale face at 2231824406, green flecks still at 2232657736 and fading by 2233991064. | Contact with the cap region is visible. Fighter hit versus surface hit versus defense remains ambiguous; no damage formula is recovered. |
2233991064	8d994e8749f12fb4c57ddbb222d318389d5a182d60b386f48eb24df9e210237a	turn-contact/00071.png	| Later cap/surface flash | Orange head approaching 2231657740; green flash and blue's pale face at 2231824406, green flecks still at 2232657736 and fading by 2233991064. | Contact with the cap region is visible. Fighter hit versus surface hit versus defense remains ambiguous; no damage formula is recovered. |
2239157710	6b7b23375ca872050c13aa72601bb7e2a1a9ab810fcc494d4abd4fe6223809e1	sparse/00104.png	The large lime pedestal/stem/cross hard edges remain registered in the earlier geometry interval. Later cap motion is already visible at 2241657700, after the seated sparse sample 2239157710: the right top square is lifted/rotated near (908,305), and the center lower-right block is tilted near (657,340). At least two assemblies are disturbed. This sparse 0.25-second bound is not an adjacent-frame onset or a recovered impulse. The right square is farther left at 2244157690 and 2251657660 near (850,328); a loose square reaches about (774,670) by 2271824246. At 2254157650 orange overlaps a loose cap near (832,348); exact impulse/support is unproved. Ticket 60's six-second static fixture remains valid for its bounded comparison, but treating every cap as fixed through this whole fight is unsupported.
2241657700	be58d532c7957125a8dd6e34fdc8b8bfa86c426ed3586c4ebc8203aa6b8202e9	sparse/00105.png	The large lime pedestal/stem/cross hard edges remain registered in the earlier geometry interval. Later cap motion is already visible at 2241657700, after the seated sparse sample 2239157710: the right top square is lifted/rotated near (908,305), and the center lower-right block is tilted near (657,340). At least two assemblies are disturbed. This sparse 0.25-second bound is not an adjacent-frame onset or a recovered impulse. The right square is farther left at 2244157690 and 2251657660 near (850,328); a loose square reaches about (774,670) by 2271824246. At 2254157650 orange overlaps a loose cap near (832,348); exact impulse/support is unproved. Ticket 60's six-second static fixture remains valid for its bounded comparison, but treating every cap as fixed through this whole fight is unsupported.
2244157690	f0cab066e81f1042d2ff45388af1132ee420cae38f24823ab97780f5cfd053d7	sparse/00106.png	The large lime pedestal/stem/cross hard edges remain registered in the earlier geometry interval. Later cap motion is already visible at 2241657700, after the seated sparse sample 2239157710: the right top square is lifted/rotated near (908,305), and the center lower-right block is tilted near (657,340). At least two assemblies are disturbed. This sparse 0.25-second bound is not an adjacent-frame onset or a recovered impulse. The right square is farther left at 2244157690 and 2251657660 near (850,328); a loose square reaches about (774,670) by 2271824246. At 2254157650 orange overlaps a loose cap near (832,348); exact impulse/support is unproved. Ticket 60's six-second static fixture remains valid for its bounded comparison, but treating every cap as fixed through this whole fight is unsupported.
2251657660	f2772a9d39df73e07629c32192847bf86facd161df4b9605e091d00deeb2f002	sparse/00109.png	The large lime pedestal/stem/cross hard edges remain registered in the earlier geometry interval. Later cap motion is already visible at 2241657700, after the seated sparse sample 2239157710: the right top square is lifted/rotated near (908,305), and the center lower-right block is tilted near (657,340). At least two assemblies are disturbed. This sparse 0.25-second bound is not an adjacent-frame onset or a recovered impulse. The right square is farther left at 2244157690 and 2251657660 near (850,328); a loose square reaches about (774,670) by 2271824246. At 2254157650 orange overlaps a loose cap near (832,348); exact impulse/support is unproved. Ticket 60's six-second static fixture remains valid for its bounded comparison, but treating every cap as fixed through this whole fight is unsupported.
2254157650	ff09ff7321f10fe40bc758cb7376e9054c2c21d20aa863d0312a91def9995e92	sparse/00110.png	The large lime pedestal/stem/cross hard edges remain registered in the earlier geometry interval. Later cap motion is already visible at 2241657700, after the seated sparse sample 2239157710: the right top square is lifted/rotated near (908,305), and the center lower-right block is tilted near (657,340). At least two assemblies are disturbed. This sparse 0.25-second bound is not an adjacent-frame onset or a recovered impulse. The right square is farther left at 2244157690 and 2251657660 near (850,328); a loose square reaches about (774,670) by 2271824246. At 2254157650 orange overlaps a loose cap near (832,348); exact impulse/support is unproved. Ticket 60's six-second static fixture remains valid for its bounded comparison, but treating every cap as fixed through this whole fight is unsupported.
2261657620	2c67648076881b554efd61f1624a2b5893e5a064c5c46d47f6fed6d621a61296	sparse/00113.png	Arena faces also progress beyond that fixture's lime endpoint: yellow by 2241657700, orange in samples 2261657620–2281824206, and red at 2289324176 through the result (darkened/tinted by the overlay at 2298490806). These are representative native color samples, not adjacent hue-transition onsets. `correction-boundaries.json` records median RGB/HSV for the same first-pedestal rectangle `[80,368,125,386]` at each sample, including the overlay's tint. The later color progression is an unresolved presentation gap. Later cap dynamics, block/held-ball actions, purple pulses, damage and result presentation also remain unresolved. Changes of held-ball color during white defensive-looking glows and changes in gun-dot count are visible but do not establish a reload or block-cooldown rule; no no-reload combat continuation is proposed.
2271824246	fabc9b52d0a1a0ca9ce52feb308b0289ff55bd931db9cf6f73af4d677b819159	sparse/00117.png	The large lime pedestal/stem/cross hard edges remain registered in the earlier geometry interval. Later cap motion is already visible at 2241657700, after the seated sparse sample 2239157710: the right top square is lifted/rotated near (908,305), and the center lower-right block is tilted near (657,340). At least two assemblies are disturbed. This sparse 0.25-second bound is not an adjacent-frame onset or a recovered impulse. The right square is farther left at 2244157690 and 2251657660 near (850,328); a loose square reaches about (774,670) by 2271824246. At 2254157650 orange overlaps a loose cap near (832,348); exact impulse/support is unproved. Ticket 60's six-second static fixture remains valid for its bounded comparison, but treating every cap as fixed through this whole fight is unsupported.
2281824206	b554fba7eeb4cd5d09165088883cbb75c9d100f99d9908a44d11dd8031da0990	sparse/00121.png	Arena faces also progress beyond that fixture's lime endpoint: yellow by 2241657700, orange in samples 2261657620–2281824206, and red at 2289324176 through the result (darkened/tinted by the overlay at 2298490806). These are representative native color samples, not adjacent hue-transition onsets. `correction-boundaries.json` records median RGB/HSV for the same first-pedestal rectangle `[80,368,125,386]` at each sample, including the overlay's tint. The later color progression is an unresolved presentation gap. Later cap dynamics, block/held-ball actions, purple pulses, damage and result presentation also remain unresolved. Changes of held-ball color during white defensive-looking glows and changes in gun-dot count are visible but do not establish a reload or block-cooldown rule; no no-reload combat continuation is proposed.
2289324176	471546d7312a9b60ef215c6b1a39f2c431e541997ef89d3bd01d458c8be8bd95	sparse/00124.png	| Purple rim pulse after burst | Purple rim remains 2293490826; faint/absent at 2293990824; bright again by 2295324152 (absent/faint preceding 2295157486), continuing through 2296157482. | A recurring purple appearance is observed after visible shots. It is consistent with the printed Parasite description but does not recover a five-second damage schedule. The first purple onset predates this dense terminal window, bounded only by sparse 2289324176→2291824166. |
2290657504	dbadd45abee0ab747e4c75025cd159122dbc4bf2fa066e8d53d5f053290ab2a1	terminal/00001.png	| Terminal contact cluster | At 2290657504 orange already has a purple rim; a blue head approaches at 2291157502 and overlaps orange by 2291324168. Another head/trail lies at orange through 2291990832. Blue intact at 2291657500; first large white terminal burst at 2291824166. | Orange fill is about 30 px at 2290657504 versus the earlier 36 px full bar, a visible reduction across the fight. It measures 28–30 px through 2292990828 and 26–28 px at 2294157490–2296157482. The later apparent 2–4 px change is within combined ±3 px/shake/edge uncertainty, with recent overlapping contacts and continuing purple trails. It does not meet a reliable isolated DoT discriminator. Blue's pre-burst fill is obscured/too short-lived to prove an owner-bar increase. |
2291157502	cfa9d8769f89dd78396d5b01f55d20e58733cc91c569f27e8ca1a9539a606d3d	terminal/00004.png	| Terminal contact cluster | At 2290657504 orange already has a purple rim; a blue head approaches at 2291157502 and overlaps orange by 2291324168. Another head/trail lies at orange through 2291990832. Blue intact at 2291657500; first large white terminal burst at 2291824166. | Orange fill is about 30 px at 2290657504 versus the earlier 36 px full bar, a visible reduction across the fight. It measures 28–30 px through 2292990828 and 26–28 px at 2294157490–2296157482. The later apparent 2–4 px change is within combined ±3 px/shake/edge uncertainty, with recent overlapping contacts and continuing purple trails. It does not meet a reliable isolated DoT discriminator. Blue's pre-burst fill is obscured/too short-lived to prove an owner-bar increase. |
2291324168	ab87a6aa51154bb69a5913bbe364c3351e1a0831fe6b1e6d6bf08295fe14ea58	terminal/00005.png	| Terminal contact cluster | At 2290657504 orange already has a purple rim; a blue head approaches at 2291157502 and overlaps orange by 2291324168. Another head/trail lies at orange through 2291990832. Blue intact at 2291657500; first large white terminal burst at 2291824166. | Orange fill is about 30 px at 2290657504 versus the earlier 36 px full bar, a visible reduction across the fight. It measures 28–30 px through 2292990828 and 26–28 px at 2294157490–2296157482. The later apparent 2–4 px change is within combined ±3 px/shake/edge uncertainty, with recent overlapping contacts and continuing purple trails. It does not meet a reliable isolated DoT discriminator. Blue's pre-burst fill is obscured/too short-lived to prove an owner-bar increase. |
2291657500	631b049f0403c543d009b6b82a3dc89125dec0b1df30fe8219747d04e0790c45	terminal/00007.png	| Terminal contact cluster | At 2290657504 orange already has a purple rim; a blue head approaches at 2291157502 and overlaps orange by 2291324168. Another head/trail lies at orange through 2291990832. Blue intact at 2291657500; first large white terminal burst at 2291824166. | Orange fill is about 30 px at 2290657504 versus the earlier 36 px full bar, a visible reduction across the fight. It measures 28–30 px through 2292990828 and 26–28 px at 2294157490–2296157482. The later apparent 2–4 px change is within combined ±3 px/shake/edge uncertainty, with recent overlapping contacts and continuing purple trails. It does not meet a reliable isolated DoT discriminator. Blue's pre-burst fill is obscured/too short-lived to prove an owner-bar increase. |
2291824166	1629389fee69a1f3cb09f4136a0fd829ff1f8be5e3e735e52c7d3d298da899b2	terminal/00008.png	| Terminal contact cluster | At 2290657504 orange already has a purple rim; a blue head approaches at 2291157502 and overlaps orange by 2291324168. Another head/trail lies at orange through 2291990832. Blue intact at 2291657500; first large white terminal burst at 2291824166. | Orange fill is about 30 px at 2290657504 versus the earlier 36 px full bar, a visible reduction across the fight. It measures 28–30 px through 2292990828 and 26–28 px at 2294157490–2296157482. The later apparent 2–4 px change is within combined ±3 px/shake/edge uncertainty, with recent overlapping contacts and continuing purple trails. It does not meet a reliable isolated DoT discriminator. Blue's pre-burst fill is obscured/too short-lived to prove an owner-bar increase. |
2291990832	dee00534af983712c0b48de43b4ae886073d8230ccf4fe8eef557819b57d2db1	terminal/00009.png	| Terminal contact cluster | At 2290657504 orange already has a purple rim; a blue head approaches at 2291157502 and overlaps orange by 2291324168. Another head/trail lies at orange through 2291990832. Blue intact at 2291657500; first large white terminal burst at 2291824166. | Orange fill is about 30 px at 2290657504 versus the earlier 36 px full bar, a visible reduction across the fight. It measures 28–30 px through 2292990828 and 26–28 px at 2294157490–2296157482. The later apparent 2–4 px change is within combined ±3 px/shake/edge uncertainty, with recent overlapping contacts and continuing purple trails. It does not meet a reliable isolated DoT discriminator. Blue's pre-burst fill is obscured/too short-lived to prove an owner-bar increase. |
2292990828	819f0634d5650c9b27442147122c984957818d6889fe705f184b55ce0735c132	terminal/00015.png	| Terminal contact cluster | At 2290657504 orange already has a purple rim; a blue head approaches at 2291157502 and overlaps orange by 2291324168. Another head/trail lies at orange through 2291990832. Blue intact at 2291657500; first large white terminal burst at 2291824166. | Orange fill is about 30 px at 2290657504 versus the earlier 36 px full bar, a visible reduction across the fight. It measures 28–30 px through 2292990828 and 26–28 px at 2294157490–2296157482. The later apparent 2–4 px change is within combined ±3 px/shake/edge uncertainty, with recent overlapping contacts and continuing purple trails. It does not meet a reliable isolated DoT discriminator. Blue's pre-burst fill is obscured/too short-lived to prove an owner-bar increase. |
2293490826	1ced4a0b1b0777663784e9b6c6a27949af425a5bb589b9205ab3f95309661d2b	terminal/00018.png	| Purple rim pulse after burst | Purple rim remains 2293490826; faint/absent at 2293990824; bright again by 2295324152 (absent/faint preceding 2295157486), continuing through 2296157482. | A recurring purple appearance is observed after visible shots. It is consistent with the printed Parasite description but does not recover a five-second damage schedule. The first purple onset predates this dense terminal window, bounded only by sparse 2289324176→2291824166. |
2293990824	b896fa3d3afdfc74922ae7df67b384f4eb2f02120fbe1f137f81aa7d9f07a562	terminal/00021.png	| Purple rim pulse after burst | Purple rim remains 2293490826; faint/absent at 2293990824; bright again by 2295324152 (absent/faint preceding 2295157486), continuing through 2296157482. | A recurring purple appearance is observed after visible shots. It is consistent with the printed Parasite description but does not recover a five-second damage schedule. The first purple onset predates this dense terminal window, bounded only by sparse 2289324176→2291824166. |
2294157490	d1de3b8d7827db83df2b5506924c3b2aa73e0eb14c04787855d830c515a72c87	terminal/00022.png	| Terminal contact cluster | At 2290657504 orange already has a purple rim; a blue head approaches at 2291157502 and overlaps orange by 2291324168. Another head/trail lies at orange through 2291990832. Blue intact at 2291657500; first large white terminal burst at 2291824166. | Orange fill is about 30 px at 2290657504 versus the earlier 36 px full bar, a visible reduction across the fight. It measures 28–30 px through 2292990828 and 26–28 px at 2294157490–2296157482. The later apparent 2–4 px change is within combined ±3 px/shake/edge uncertainty, with recent overlapping contacts and continuing purple trails. It does not meet a reliable isolated DoT discriminator. Blue's pre-burst fill is obscured/too short-lived to prove an owner-bar increase. |
2295157486	98599f93ebf90746906f2ee49e0cc908d0edc59f754f775a8b61f37733b2f524	terminal/00028.png	| Purple rim pulse after burst | Purple rim remains 2293490826; faint/absent at 2293990824; bright again by 2295324152 (absent/faint preceding 2295157486), continuing through 2296157482. | A recurring purple appearance is observed after visible shots. It is consistent with the printed Parasite description but does not recover a five-second damage schedule. The first purple onset predates this dense terminal window, bounded only by sparse 2289324176→2291824166. |
2295324152	be81812b63318c23fc73db6e82ad0e4373aa113fa17d45ca90cdec23750a7cee	terminal/00029.png	| Purple rim pulse after burst | Purple rim remains 2293490826; faint/absent at 2293990824; bright again by 2295324152 (absent/faint preceding 2295157486), continuing through 2296157482. | A recurring purple appearance is observed after visible shots. It is consistent with the printed Parasite description but does not recover a five-second damage schedule. The first purple onset predates this dense terminal window, bounded only by sparse 2289324176→2291824166. |
2296157482	a27a9ad1e0575873a7105d0d9d0f3f45bcb08e5735ebfab6520edadd76cbc3d8	terminal/00034.png	| Terminal contact cluster | At 2290657504 orange already has a purple rim; a blue head approaches at 2291157502 and overlaps orange by 2291324168. Another head/trail lies at orange through 2291990832. Blue intact at 2291657500; first large white terminal burst at 2291824166. | Orange fill is about 30 px at 2290657504 versus the earlier 36 px full bar, a visible reduction across the fight. It measures 28–30 px through 2292990828 and 26–28 px at 2294157490–2296157482. The later apparent 2–4 px change is within combined ±3 px/shake/edge uncertainty, with recent overlapping contacts and continuing purple trails. It does not meet a reliable isolated DoT discriminator. Blue's pre-burst fill is obscured/too short-lived to prove an owner-bar increase. |
2296324148	4a0b76a05694d504dbbaefe94a5590860b33e2760f6292486dbba08819485d68	terminal/00035.png	The last undimmed combat frame is 2296157482. At adjacent 2296324148 the arena dims and half-score circles appear; the text is still absent at 2298324140 and reads `HALF ORANGE`, with orange half-fill, at adjacent 2298490806, continuing at 2299990800. Thus the result **is within the cap**, despite the old representative 2300157466 anchor falling outside it. No frame beyond 2300000000 is required or retained. Blue's burst near (771,415) at 2291824166, orange surviving near (659,463), and the result ordering are observed; this does not identify the terminal damage amount or whether the cause is the last shot, another effect or previous damage.
2296657480	001baef6633b1224e028ab03dfc9a1860587e6085bd325b23ffc280e5ce10809	terminal/00037.png	Actual consecutive frames sometimes have a 333332-PTS gap. For example 2175824630→2176157962 and 2296657480→2296990812 omit a nominal 60 Hz sample. A visual event bound is a bound between available source frames, never a recovered engine tick or proof of the original input.
2296990812	306118e85137499cfbf0502b6fa176270cfa08552bea42bf6d68916cb4dfa903	terminal/00038.png	Actual consecutive frames sometimes have a 333332-PTS gap. For example 2175824630→2176157962 and 2296657480→2296990812 omit a nominal 60 Hz sample. A visual event bound is a bound between available source frames, never a recovered engine tick or proof of the original input.
2298324140	566d8b37b27ffffa15f677c0ef5e304c0dec37e73c7bcc28420e635474f11c2e	terminal/00046.png	The last undimmed combat frame is 2296157482. At adjacent 2296324148 the arena dims and half-score circles appear; the text is still absent at 2298324140 and reads `HALF ORANGE`, with orange half-fill, at adjacent 2298490806, continuing at 2299990800. Thus the result **is within the cap**, despite the old representative 2300157466 anchor falling outside it. No frame beyond 2300000000 is required or retained. Blue's burst near (771,415) at 2291824166, orange surviving near (659,463), and the result ordering are observed; this does not identify the terminal damage amount or whether the cause is the last shot, another effect or previous damage.
2298490806	ddf7275b5fbd5bb9f6e6ef8f903f8455e4f5057cd603e7190308fe0e896d7972	terminal/00047.png	The last undimmed combat frame is 2296157482. At adjacent 2296324148 the arena dims and half-score circles appear; the text is still absent at 2298324140 and reads `HALF ORANGE`, with orange half-fill, at adjacent 2298490806, continuing at 2299990800. Thus the result **is within the cap**, despite the old representative 2300157466 anchor falling outside it. No frame beyond 2300000000 is required or retained. Blue's burst near (771,415) at 2291824166, orange surviving near (659,463), and the result ordering are observed; this does not identify the terminal damage amount or whether the cause is the last shot, another effect or previous damage.
2299990800	04ad8ed3476949eaa376a7f52195bc5a300fb7e2a561f57808408f7b2db26211	terminal/00056.png	Ticket 68 measures the second supplied recording from native PTS 2000158666 through 2299990800, strictly below the 2300000000 cap. Orange confirms Homing; blue confirms Parasite. The bounded recording reaches `HALF ORANGE`. Neither card's gameplay rule is distinguishable from the measured projectile/bar evidence strongly enough to unlock its catalogue gate. This is source research under goal 59, not a playable delivery or a complete-match claim.
