nativePts	packedRgbaSha256	originalPath	gapFromPreviousPts	cameraShift	registrationUncertaintyPx	right	centerLowerRight	orangeFace	blueFace	fighterUncertaintyPx	observation
2239157710	6b7b23375ca872050c13aa72601bb7e2a1a9ab810fcc494d4abd4fe6223809e1	out/ticket-068/sparse/00104.png		[0.0,0.0]	2	"{""center"":[910,310.5],""corners"":[[892,293],[929,293],[929,328],[892,328]],""angleDegrees"":0,""method"":""manual seated envelope; orange overlaps left/top edge"",""uncertaintyPx"":3,""angleUncertaintyDegrees"":5,""identity"":""right upper positional match at start; probable sparse continuation, no recovered engine identity"",""registeredCenter"":[910.0,310.5]}"	"{""center"":[661.5,345.5],""corners"":[[644.0,328.0],[679.0,328.0],[679.0,363.0],[644.0,363.0]],""angleDegrees"":0.0,""edgeLengths"":[35.0,35.0],""selectedPixels"":1295,""uncertaintyPx"":2,""angleUncertaintyDegrees"":4,""method"":""minimum-area rectangle in explicit lower-right crop"",""identity"":""probable local lower-right identity"",""registeredCenter"":[661.5,345.5]}"	[877,315]	[938,318]	5	Right assembly seated; orange overlaps upper-left edge, blue overlaps lower-right assembly.
2241657700	be58d532c7957125a8dd6e34fdc8b8bfa86c426ed3586c4ebc8203aa6b8202e9	out/ticket-068/sparse/00105.png	2499990	[0.0,0.0]	2	"{""center"":[909.2,306.9],""corners"":[[887.8,292.1],[924.0,285.5],[930.6,321.6],[894.4,328.2]],""angleDegrees"":-10.3,""edgeLengths"":[36.8,36.7],""selectedPixels"":1279,""method"":""minimum-area rectangle of selected visible cap pixels"",""uncertaintyPx"":2,""angleUncertaintyDegrees"":4,""identity"":""right upper positional match at start; probable sparse continuation, no recovered engine identity"",""registeredCenter"":[909.2,306.9]}"	"{""center"":[658.0,340.5],""corners"":[[636.4,326.1],[672.4,318.9],[679.6,354.9],[643.6,362.1]],""angleDegrees"":-11.3,""edgeLengths"":[36.7,36.7],""selectedPixels"":1290,""uncertaintyPx"":2,""angleUncertaintyDegrees"":4,""method"":""minimum-area rectangle in explicit lower-right crop"",""identity"":""probable local lower-right identity"",""registeredCenter"":[658.0,340.5]}"	[915,237]	[921,250]	5	Both measured caps tilted; right cap below airborne fighters.
2244157690	f0cab066e81f1042d2ff45388af1132ee420cae38f24823ab97780f5cfd053d7	out/ticket-068/sparse/00106.png	2499990	[0.0,-3.0]	2	"{""center"":[896.6,300.4],""corners"":[[870.6,298.6],[897.9,274.3],[922.7,302.2],[895.3,326.5]],""angleDegrees"":-41.6,""edgeLengths"":[36.6,37.3],""selectedPixels"":1250,""method"":""minimum-area rectangle of selected visible cap pixels"",""uncertaintyPx"":3,""angleUncertaintyDegrees"":6,""identity"":""right upper positional match at start; probable sparse continuation, no recovered engine identity"",""registeredCenter"":[896.6,303.4]}"	"{""center"":[663.5,343.5],""corners"":[[646.0,326.0],[681.0,326.0],[681.0,361.0],[646.0,361.0]],""angleDegrees"":0.0,""edgeLengths"":[35.0,35.0],""selectedPixels"":1296,""uncertaintyPx"":3,""angleUncertaintyDegrees"":6,""method"":""minimum-area rectangle in explicit lower-right crop"",""identity"":""probable local lower-right identity"",""registeredCenter"":[663.5,346.5]}"	[938,245]	[890,276]	5	Blue pale face/body overlaps upper edge of loose right square; contact and impulse unknown.
2246657680	ff865eab616be6e6b68eaf4c59c6275fc325343a02702aa38a2f73f1ce59703f	out/ticket-068/sparse/00107.png	2499990	[0.0,0.0]	2	"{""center"":[885.7,304.2],""corners"":[[876.7,280.0],[909.9,295.1],[894.8,328.4],[861.6,313.4]],""angleDegrees"":24.4,""edgeLengths"":[36.4,36.6],""selectedPixels"":1279,""method"":""minimum-area rectangle of selected visible cap pixels"",""uncertaintyPx"":3,""angleUncertaintyDegrees"":6,""identity"":""right upper positional match at start; probable sparse continuation, no recovered engine identity"",""registeredCenter"":[885.7,304.2]}"	"{""center"":[663.5,345.5],""corners"":[[646.0,328.0],[681.0,328.0],[681.0,363.0],[646.0,363.0]],""angleDegrees"":0.0,""edgeLengths"":[35.0,35.0],""selectedPixels"":1296,""uncertaintyPx"":3,""angleUncertaintyDegrees"":6,""method"":""minimum-area rectangle in explicit lower-right crop"",""identity"":""probable local lower-right identity"",""registeredCenter"":[663.5,345.5]}"	[930,185]	[841,246]	5	Blue left/above right cap; small cap/base silhouette overlap is not solver contact.
2249157670	5cea07771076c38e7f53016c47a859cf24070f6320ee81b0c4ef1d630edefc72	out/ticket-068/sparse/00108.png	2499990	[0.0,0.0]	2	"{""center"":[866.7,310.0],""corners"":[[843.0,299.6],[876.7,286.1],[890.4,320.4],[856.8,333.9]],""angleDegrees"":-21.8,""edgeLengths"":[36.2,37.0],""selectedPixels"":1286,""method"":""minimum-area rectangle of selected visible cap pixels"",""uncertaintyPx"":2,""angleUncertaintyDegrees"":4,""identity"":""right upper positional match at start; probable sparse continuation, no recovered engine identity"",""registeredCenter"":[866.7,310.0]}"	"{""center"":[663.5,345.5],""corners"":[[646.0,328.0],[681.0,328.0],[681.0,363.0],[646.0,363.0]],""angleDegrees"":0.0,""edgeLengths"":[35.0,35.0],""selectedPixels"":1296,""uncertaintyPx"":2,""angleUncertaintyDegrees"":4,""method"":""minimum-area rectangle in explicit lower-right crop"",""identity"":""probable local lower-right identity"",""registeredCenter"":[663.5,345.5]}"	[887,160]	[788,173]	5	Right cap near left edge of its lower square; no fighter overlap.
2251657660	f2772a9d39df73e07629c32192847bf86facd161df4b9605e091d00deeb2f002	out/ticket-068/sparse/00109.png	2499990	[0.0,0.0]	2	"{""center"":[849.1,327.5],""corners"":[[834.8,306.2],[870.5,313.3],[863.4,348.9],[827.7,341.7]],""angleDegrees"":11.3,""edgeLengths"":[36.5,36.3],""selectedPixels"":1280,""method"":""minimum-area rectangle of selected visible cap pixels"",""uncertaintyPx"":2,""angleUncertaintyDegrees"":4,""identity"":""right upper positional match at start; probable sparse continuation, no recovered engine identity"",""registeredCenter"":[849.1,327.5]}"	"{""center"":[663.5,345.5],""corners"":[[646.0,328.0],[681.0,328.0],[681.0,363.0],[646.0,363.0]],""angleDegrees"":0.0,""edgeLengths"":[35.0,35.0],""selectedPixels"":1296,""uncertaintyPx"":2,""angleUncertaintyDegrees"":4,""method"":""minimum-area rectangle in explicit lower-right crop"",""identity"":""probable local lower-right identity"",""registeredCenter"":[663.5,345.5]}"	[835,244]	[728,233]	5	Right cap separated left; both fighters above it.
2254157650	ff09ff7321f10fe40bc758cb7376e9054c2c21d20aa863d0312a91def9995e92	out/ticket-068/sparse/00110.png	2499990	[0.0,0.0]	2	"{""center"":[831.3,347.8],""corners"":[[806.9,338.7],[840.2,323.3],[855.7,356.8],[822.4,372.2]],""angleDegrees"":-24.8,""edgeLengths"":[36.7,36.9],""selectedPixels"":1284,""method"":""minimum-area rectangle of selected visible cap pixels"",""uncertaintyPx"":2,""angleUncertaintyDegrees"":4,""identity"":""right upper positional match at start; probable sparse continuation, no recovered engine identity"",""registeredCenter"":[831.3,347.8]}"	"{""center"":null,""corners"":[[644,328],[644,363],[678,328]],""angleDegrees"":null,""uncertaintyPx"":3,""angleUncertaintyDegrees"":null,""method"":""manual visible silhouette landmarks only; full pose withheld"",""identity"":""track stopped: blue occlusion prevents continuous pose/identity""}"	[838,313]	[688,352]	5	Orange lower appendage meets/overlaps upper cap edge; blue covers center cap right edge.
2256657640	7e6531757381ef431705c02d99796f6538cac516fed5192baffed3c4adecb357	out/ticket-068/sparse/00111.png	2499990	[0.0,0.0]	2	"{""center"":[805.6,404.3],""corners"":[[788.2,385.3],[825.0,387.3],[823.0,423.3],[786.1,421.2]],""angleDegrees"":3.2,""edgeLengths"":[36.9,36.0],""selectedPixels"":1288,""method"":""minimum-area rectangle of selected visible cap pixels"",""uncertaintyPx"":2,""angleUncertaintyDegrees"":4,""identity"":""right upper positional match at start; probable sparse continuation, no recovered engine identity"",""registeredCenter"":[805.6,404.3]}"	"{""center"":null,""corners"":[[639,328],[639,363],[675,328]],""angleDegrees"":null,""uncertaintyPx"":3,""angleUncertaintyDegrees"":null,""method"":""manual visible silhouette landmarks only; full pose withheld"",""identity"":""track stopped: blue occlusion prevents continuous pose/identity""}"	[873,313]	[686,352]	5	Right cap below pedestal top; blue still obscures center cap.
2259157630	0b7960d99899c1fb4418409efc75ac0633d0c54f70572f45281a85fac903a7d7	out/ticket-068/sparse/00112.png	2499990	[0.0,0.0]	2	"{""center"":[823.9,475.9],""corners"":[[814.2,451.9],[847.8,466.0],[833.6,499.8],[800.0,485.7]],""angleDegrees"":22.8,""edgeLengths"":[36.4,36.6],""selectedPixels"":1281,""method"":""minimum-area rectangle of selected visible cap pixels"",""uncertaintyPx"":2,""angleUncertaintyDegrees"":4,""identity"":""right upper positional match at start; probable sparse continuation, no recovered engine identity"",""registeredCenter"":[823.9,475.9]}"	"{""center"":null,""corners"":[[636,328],[636,363],[670,328]],""angleDegrees"":null,""uncertaintyPx"":3,""angleUncertaintyDegrees"":null,""method"":""manual visible silhouette landmarks only; full pose withheld"",""identity"":""track stopped: blue occlusion prevents continuous pose/identity""}"	[823,329]	[680,350]	5	Loose square farther right/lower than prior sample; continuity probable only.
2261657620	2c67648076881b554efd61f1624a2b5893e5a064c5c46d47f6fed6d621a61296	out/ticket-068/sparse/00113.png	2499990	[0.0,0.0]	2	"{""center"":[855.9,567.9],""corners"":[[833.9,555.1],[868.7,545.8],[878.0,580.8],[843.2,590.0]],""angleDegrees"":-14.9,""edgeLengths"":[36.0,36.1],""selectedPixels"":1244,""method"":""minimum-area rectangle of selected visible cap pixels"",""uncertaintyPx"":2,""angleUncertaintyDegrees"":4,""identity"":""right upper positional match at start; probable sparse continuation, no recovered engine identity"",""registeredCenter"":[855.9,567.9]}"	"{""center"":null,""corners"":[[636,328],[636,363],[670,328]],""angleDegrees"":null,""uncertaintyPx"":3,""angleUncertaintyDegrees"":null,""method"":""manual visible silhouette landmarks only; full pose withheld"",""identity"":""track stopped: blue occlusion prevents continuous pose/identity""}"	[767,246]	[680,355]	5	Loose square farther right/lower again, away from orange.
2264324276	972a78bcbcc2f2d0af2e450bd97db6ba933af993f41e46ce7ab37328d196d1c5	out/ticket-068/sparse/00114.png	2666656	[0.0,0.0]	2	"{""center"":[842.3,616.2],""corners"":[[828.8,594.6],[863.8,602.4],[855.9,637.9],[820.9,630.1]],""angleDegrees"":12.5,""edgeLengths"":[35.9,36.3],""selectedPixels"":1247,""method"":""minimum-area rectangle of selected visible cap pixels"",""uncertaintyPx"":3,""angleUncertaintyDegrees"":6,""identity"":""right upper positional match at start; probable sparse continuation, no recovered engine identity"",""registeredCenter"":[842.3,616.2]}"	"{""center"":null,""corners"":[[636,330],[636,365],[670,330]],""angleDegrees"":null,""uncertaintyPx"":3,""angleUncertaintyDegrees"":null,""method"":""manual visible silhouette landmarks only; full pose withheld"",""identity"":""track stopped: blue occlusion prevents continuous pose/identity""}"	[724,330]	[684,362]	5	Loose square turns back left; sparse causes unknown.
2266824266	8e6ebfc110eeee71ca72c285e30384591d483a6b39e36df7719262214b1f2d06	out/ticket-068/sparse/00115.png	2499990	[0.0,0.0]	2	"{""center"":[807.2,637.5],""corners"":[[792.6,616.7],[828.0,622.8],[821.8,658.4],[786.4,652.2]],""angleDegrees"":9.8,""edgeLengths"":[35.9,36.0],""selectedPixels"":1245,""method"":""minimum-area rectangle of selected visible cap pixels"",""uncertaintyPx"":2,""angleUncertaintyDegrees"":4,""identity"":""right upper positional match at start; probable sparse continuation, no recovered engine identity"",""registeredCenter"":[807.2,637.5]}"	"{""center"":null,""corners"":[[636,328],[636,363],[670,328]],""angleDegrees"":null,""uncertaintyPx"":3,""angleUncertaintyDegrees"":null,""method"":""manual visible silhouette landmarks only; full pose withheld"",""identity"":""track stopped: blue occlusion prevents continuous pose/identity""}"	[690,450]	[681,359]	5	Loose square left/down; blue still obscures center cap.
2269324256	3845737aba1a1024e6137a455391307183135a8c938bbd2b0b349a863bfa81d7	out/ticket-068/sparse/00116.png	2499990	[0.0,0.0]	2	"{""center"":[780.7,670.8],""corners"":[[759.9,656.4],[795.2,650.0],[801.6,685.3],[766.3,691.7]],""angleDegrees"":-10.3,""edgeLengths"":[35.9,35.9],""selectedPixels"":1235,""method"":""minimum-area rectangle of selected visible cap pixels"",""uncertaintyPx"":2,""angleUncertaintyDegrees"":4,""identity"":""right upper positional match at start; probable sparse continuation, no recovered engine identity"",""registeredCenter"":[780.7,670.8]}"	"{""center"":null,""corners"":[[638,328],[670,328],[670,363]],""angleDegrees"":null,""uncertaintyPx"":3,""angleUncertaintyDegrees"":null,""method"":""manual visible silhouette landmarks only; full pose withheld"",""identity"":""unassigned reappearance; merged same-color left edge prevents full square fit""}"	[688,416]	[681,303]	5	Loose square near lower stem; center square exposed but identity not rejoined.
2271824246	fabc9b52d0a1a0ca9ce52feb308b0289ff55bd931db9cf6f73af4d677b819159	out/ticket-068/sparse/00117.png	2499990	[0.0,0.0]	2	"{""center"":[773.4,668.8],""corners"":[[748.0,662.6],[778.2,643.1],[798.8,675.0],[768.6,694.5]],""angleDegrees"":-32.9,""edgeLengths"":[36.0,38.0],""selectedPixels"":1241,""method"":""minimum-area rectangle of selected visible cap pixels"",""uncertaintyPx"":2,""angleUncertaintyDegrees"":4,""identity"":""right upper positional match at start; probable sparse continuation, no recovered engine identity"",""registeredCenter"":[773.4,668.8]}"	"{""center"":null,""corners"":[[638,328],[670,328],[670,363]],""angleDegrees"":null,""uncertaintyPx"":3,""angleUncertaintyDegrees"":null,""method"":""manual visible silhouette landmarks only; full pose withheld"",""identity"":""unassigned reappearance; merged same-color left edge prevents full square fit""}"	[663,442]	[638,286]	5	Loose square rotated near lower stem; no contact/settling established.
